Used Theory,Total Unique Positives,Total Unique Negatives,Default Accuracy,# Clauses,Mean # Literals,T+,T-,Similarity of T+,Similarity of T-,Similarity of T_MF,Similarity of T_Comp,Similarity of T_MDL,Similarity - Common,Overlap Size,MF Theory,Comp Theory,MDL Theory,Compression of T+,Compression of T-,DL of T+,DL of T-,# Sampled Positives,# Sampled Negatives,# Unique Sampled Positives,# Unique Sampled Negatives
"[[7, -1, -5, 9, -8, -14, -12, -4, 3, -10, -2, -6, 13], [6, -7], [9, -8, -13, 14], [-14, 7, -12, 11, -1, 8, -6, -2, -9, 3, 10, 4], [-9, -6], [-10, 9, -14, 5, 8, -2, 7, 3, 11, 13, -12, -1, -4], [-9, 5, -14, -4, 11, -7, 13, 10, -12, 3, -1, 2], [14, -12, -4]]",6588,9796,0.597900390625,8,7.625,"[[-4, -12, 14], [4, 5, 11, -13, -10, -8, -7], [-6, 3, 5, 14], [-6, -9], [-7, 6]]","[[7, 11, 12, -13, -8, -6, -4, -3, -1], [9, -6, 11, 5], [7, -10, 6], [-8, -14, 4, -2], [10, 9, 2, -5], [2, 9, -11, -10, -6, -3], [1, 5, 11, 12, -14, -9, -2], [10, -13, 14, 7], [5, -14, -13, -11, -8], [3, 11, 13, -14, -8], [1, -6, 10, 5], [2, 7, -10, -4, -1], [10, -5, 4, 6]]",0.952392578125,0.6683349609375,0.952392578125,0.952392578125,0.952392578125,0.9591836734693877,0.6759033203125,T+,T+,T+,0.956298585178918,0.8218685342048913,340.6043105593897,1388.338234459348,70,80,70,80
"[[-2], [14, -10, -2, 7, -12, 6, -13, -1, -5, -11], [-4, 2]]",4096,12288,0.75,3,4.333333333333333,"[[4, -12, -2], [12, 6, -2], [-6, 10, 11, -3], [5, -2], [-4]]","[[1, 3, 4, 7, 9, 11, 13, -14, -12, -8, -5], [4, 6, 8, 10, 11, -13, -9, -5, -1], [2, -6, 4, -3], [3, 4, 6, -13, -9], [3, 8, 13, -14, -12, -10, -9, -7, -6], [2, 5, 6, 8, -10, -1], [6, 10, 12, -13, -11, -1], [2, 3, 6, 13, 14, -12, -11, -10], [2, 9, 11, 12, 14, -7, -6]]",0.95703125,0.80078125,0.95703125,0.95703125,0.95703125,1.0,0.7578125,T+,T+,T+,0.9732288756301706,0.935663163095731,208.65137653361816,501.434657597841,36,114,36,114
"[[9], [-2, 12, -7, -4, 5, 6, -8, 13, -10, -14], [-8], [14, 9, -5, -11, 6, -7, 12, -2, -8, -1]]",4096,12288,0.75,4,5.5,"[[-8], [9]]","[[5, 6, 7, 11, -13, -12, -10, -2, -4, -3, -1], [2, 4, 7, 11, 12, 13, -14, -10, -9, -6, -5, -3, -1], [1, 5, 14, -12, -7], [1, 12, -14, -13, -9], [4, 6, 8, 10, -11, -5, -1], [8, 2, -4, 5], [8, -9]]",1.0,0.92730712890625,1.0,1.0,1.0,1.0,0.92730712890625,T+,T+,T+,0.9812709118386284,0.9470586295884738,145.97257747208312,412.61956947875166,47,103,47,103
"[[-5, 7, -12, -13, 2, 1, -4, 6, -3, 10, 14, 9], [-8, -9, 14], [8], [1, -13, 7, 4, -9, 2, -3, -14]]",6110,10274,0.6270751953125,4,6,"[[13, -11, -10, -9, -6, -2], [3, -4, -12, -9], [1, -12, -9, -7, -3], [3, 4, 14, -13, -9], [2, 7, -9, -6, -4], [8, -5], [8, 5]]","[[1, 3, 5, 9, 11, 12, -14, -10, -7, -6, -4], [-8, -14, -2], [-8, 11, -4, -1], [-8, -13, 12, 5], [9, 10, 14, -13, -12], [1, 3, -14, -13, -10, -9], [7, 12, 13, -10, -5, -3], [-8, 2, 3], [1, 5, -14, -11, -7, -3], [5, 7, 11, -2, -4, -1], [-8, 9]]",0.8885498046875,0.87744140625,0.8885498046875,0.8885498046875,0.8885498046875,0.9553040197358874,0.8411865234375,T+,T+,T+,0.9488316107795487,0.9254537047459939,398.8011373137245,581.0061208246905,70,80,70,80
"[[-2, 10, -11, 4], [11, -2, -1, 5, -8, 13, 14], [-4]]",7104,9280,0.56640625,3,4,"[[10, -11, -2], [-4]]","[[1, 2, 3, 6, 8, 9, 13, 14, -12, -11, -10, -7], [2, 5, 6, 9, 10, 12, -14, -13, -11, -8, -1], [3, 4, -10, -9], [10, 4, 6], [5, 6, 8, -10, -1], [1, 6, 8, -14, -9, -2], [1, 3, 5, -10, -6, -2], [8, 13, -14, -12, -10, -9, -6], [-8, -5, 4], [2, 5, 8, 9, 11, 12, 14, -13, -10, -7, -4], [-6, 4, -3]]",0.99609375,0.8013916015625,0.99609375,0.99609375,0.99609375,0.9969572493534155,0.8023681640625,T+,T+,T+,0.9870273652013287,0.9116933538701536,101.10737489461366,688.252873414034,68,82,68,82
"[[-10, 1, -12, 14, -8, 11], [-5, -6, 13], [1, 14, 5, 3, 11, -12, 6, 4, 9, 2], [9, -8], [-6, -2, 8, -13, 12, 7, 1, 3, -9, 11, -5, -14, -4], [-7, 2, -6, 4], [-2, 14, 12, 1, -9, -8]]",9836,6548,0.600341796875,7,6.285714285714286,"[[-6, -5, 13, -9], [2, 4, -14, -7, -6, -3], [1, 12, 13, 14, -11, -10], [-8, 9]]","[[1, -12, 5], [8, 2, -1, 7], [8, 9, 14, -13, -3], [3, -13, -9], [10, 3, -4], [-14, 12, -2, 6], [8, -11, -12, 13], [2, 6, 12, -13, -1], [-7, -14, -4], [-4, -10, 7], [10, -13, 4], [-5, 4, -12, 6], [11, 12, -4]]",0.91845703125,0.6337890625,0.6337890625,0.91845703125,0.91845703125,0.9171122994652406,0.6619873046875,T-,T+,T+,0.9858737591933334,0.8256203955427529,110.09846089535455,1359.0966149482038,106,44,106,44
"[[3, 2, -4, -8, 7, -6, 14, 1, 5, -12], [9, -10, -4, -1], [9], [10, -13, 3, -7, -14], [2]]",3968,12416,0.7578125,5,4.2,"[[2], [9]]","[[7, 11, 12, -13, -8, -6, -4, -3, -1], [1, 3, 4, -10, -9], [5, -13, -8, -7, -6, -2], [6, 7, 12, 13, -10, -8, -5, -2], [3, 10, 11, 12, 13, -14, -8, -4], [6, 7, 11, -13, -12, -10, -4, -2], [3, 5, 8, 14, -11], [6, 8, 9, 13, -12, -11, -5, -3, -2], [10, 4, -1, -9], [-2, -9]]",0.9921875,0.90576171875,0.9921875,0.9921875,0.9921875,0.9914484233030465,0.91357421875,T+,T+,T+,0.9964138100567387,0.9417566975161051,27.950393783825064,453.94228009430526,50,100,50,100
"[[-1, -13, 8, 6, 3], [9, -1, 10, -2, -14, -11, -7, 8, -12]]",15844,540,0.967041015625,2,7,"[[2, 3, 6, 8, 12, -13, -1]]","[[-7, -6, 5], [-8, 10, 11], [8, 2, -4], [-13, 5, 6, -1], [2, -10, -1, 7], [-5, -3, 6, -2], [11, -13, 4, -9], [8, 1, 3, 5], [8, 9, -5], [1, -13, -7, -4, -3], [3, -12], [-4, 7], [-2, -9]]",0.974853515625,0.8275146484375,0.8275146484375,0.974853515625,0.974853515625,0.9706429901188601,0.8524169921875,T-,T+,T+,0.9942811185627551,0.9512839260129082,44.57237087353907,379.6880458325355,147,3,147,3
"[[-1, 12, 3, 5, -9, 11, -6, 14, -4, 13, 10], [12, 2, -11, 3, -6, 7, 1, -5, -4, 10]]",16360,24,0.99853515625,2,10.5,nan,nan,nan,nan,nan,nan,nan,nan,nan,nan,nan,nan,nan,nan,nan,nan,150,0,150,0
"[[-1, -10], [-11, 2, 14, -10, -5, -3], [-9, 13], [-8, 6, 4, 14, -13, -2, -1], [-2, 13, 11, 9], [10, 7, -2, -12, 13, 11, 9], [12, 5, 2, 6, -14, -10], [10, 3], [12, 2, -14, 1, 5, 6, 11, -10, 13, -9, -7]]",5408,10976,0.669921875,9,5.222222222222222,"[[1, 13, -7, -2], [2, 8, 12, 14, -11], [4, 5, 10, 11, 13, -14, -6, -3, -1], [13, -9], [10, 3], [-10, -1]]","[[1, 3, 4, 7, 9, 11, 13, -14, -12, -8, -5], [1, 3, 14, -12, -10], [10, -14, -12, -6, -3], [5, 11, -10, -7, -6], [4, 6, 7, -11, -10, -8], [8, 10, 4, -1], [-14, -13, -9, -7, -4], [3, 8, -12, -10, -5, -2], [5, 10, 12, -13, -11], [10, 4, -3], [1, -13, 5, -9], [-3, -14, 8, 12, 13], [7, 11, 12, -13, -9, -8, -6, -1], [9, -4, -3]]",0.9462890625,0.685791015625,0.9462890625,0.9462890625,0.9462890625,0.9569361101306036,0.691650390625,T+,T+,T+,0.973154357385694,0.8708722770350261,209.2321640295831,1006.4081273948088,67,83,67,83
"[[-10, 2, 13], [3, 13, -4], [-6, 7, -11, 1, 3], [12, -3, -10, -7, 5, 6, -2], [-8, -4, 6, -5, -14, -2], [-7, 3, 14, -12, 13, 4, 8, -10], [8, 1, -4, -5, 2, -11, 3, 12, -6, 7]]",12096,4288,0.73828125,7,6,"[[3, -4, 13], [2, 13, -10], [1, 3, 7, 14, -11, -10, -9, -6], [6, 12, -10, -4, -3, -2]]","[[2, -13, 5], [-7, -13, -4], [-13, 4, 6, -9], [-5, -4, 7], [-8, 9, -6, -1], [8, -7, 10], [1, -6, 5], [5, 11, -14, -9, -2], [-4, -3, -1], [12, -3, -10, 7], [1, 2, 3, 7, 9, 11, 13, -14, -8, -5], [4, -12, -2]]",0.95556640625,0.70458984375,0.70458984375,0.95556640625,0.95556640625,0.9614334470989762,0.71533203125,T-,T+,T+,0.9767891551911538,0.8614430000126198,180.90292559142236,1079.8989379884479,113,37,113,37
"[[-10, -12, 7, -8, 2, 5, -6, 3, -11], [2, 7, -5], [-9, -2, -7, 11], [6, 10, -11, 3, -12, -2, 9, 4], [6, -8, 11, 1, -13, 5, -3, 14, -4], [-12, 11, -7, 1, 6, 13, 2, 5, 9, -3, 14], [12, -3, 9, 6, -13, -4, 10, 14], [1, 7, -14, -4, -2, -3, 6, 12, -8, -10, -5, -9]]",13124,3260,0.801025390625,8,8,"[[2, -5, 7], [3, 14, -12, -11, -8], [-7, 11, -2, -9]]","[[-14, 5, -3], [1, 3, -10, -9], [-5, -12, -2], [-8, 3, 11, 13], [-8, 9, 2, -6], [-10, 13, 6, 7], [-13, 5, 6, -1], [-8, -13, 12], [8, 4, -1], [8, 2, -9], [-4, 5], [7, 10, 12, 14, -13, -11, -5, -4, -3], [8, 9, -7]]",0.965087890625,0.739501953125,0.739501953125,0.965087890625,0.965087890625,0.9795613160518445,0.734619140625,T-,T+,T+,0.9818084460071724,0.8920878147132539,141.78309171679035,841.0564193637537,128,22,128,22
"[[8, 14, -5, 13, -4, -6, -12, 1, -7, 9], [-10, -2, 14, -13, 6, 12], [6, -4, 13, -5, 11, 10, -7, 3, -12], [-8, 14, -2, 12, 11, 4, -10, -7], [3], [-3, 5, -6, -12], [4, 12, 5, -8, -9, 11, -13, 3, 2, 1, 10, -7, -14], [-11, 12, -13, 9]]",6528,9856,0.6015625,8,6.875,"[[10, 3, -4], [-6, 5, -12, -3], [9, 5, 12, -7], [2, 3, 14], [3, -1, 6, 7], [9, -13, 12, -11], [9, 3, -12], [3, -9]]","[[-6, 2, 12, -3], [2, -4, -3, 14], [-12, -6, -5, -3, -2], [5, -14, -13, -9, -8, -3, -2], [4, 13, -14, -11, -6, -1], [8, 10, -13, -9], [1, 4, 5, 10, -8], [11, -4, -3, 7], [-3, 6]]",0.9375,0.834228515625,0.9375,0.9375,0.9375,0.9827428222357972,0.79931640625,T+,T+,T+,0.9490951116115074,0.9269757459243017,396.747439062339,569.1434891844347,56,94,56,94
"[[6, -4, -14, -11, 8, 5, -3, 2, 1, -9, 10], [-12, 4, 13, 3, 14, -7, -6, 5, -9, 2, 10, -1, 11], [-7, -12, 4, 6, -5, -14, 1, -2, 8, 3], [1, 12, 11, -3, 6, 14, -8, 10, -9], [8, -7, -3, -6], [-7, -1, 14, -5, 9, -10, -8]]",15174,1210,0.9261474609375,6,9,"[[8, -7, -6, -3]]","[[2, -1, -10], [10, 3, -4], [1, 3, -10, -9], [9, -4, -3], [-12, 13, 14, -10], [-13, 5, 6, -1], [4, -12, -5, -3, -2], [11, 3, -5], [2, -4, 14, -9], [12, -3, 7], [8, 4, -1], [-8, -14, -2], [8, 1, 6], [-6, 5]]",0.9886474609375,0.8416748046875,0.8416748046875,0.9886474609375,0.9886474609375,0.9889304197814837,0.84912109375,T-,T+,T+,0.9958838923302104,0.9141505338989072,32.0805177772094,669.1018662203221,142,8,142,8
"[[-6, -4], [-1, -13, 3, -11], [10, 11], [-1, 5, -6, 7, -14, 10, -8, -9, 3, -12]]",8446,7938,0.5155029296875,4,4.5,"[[3, 4, 6, -13, -1], [2, 3, -4, 7], [10, 11], [-6, -4]]","[[5, -3, -10], [8, -7, 3, -12], [-10, 13, 6, 7], [5, 10, -13, -11], [4, -12, -9, -6, -2], [8, -11, -5, 13], [6, 9, -13, -7, -4], [3, 5, 6, 12, -7], [9, -5, 7], [1, 5, -9, -7, -3], [-10, -9]]",0.9451904296875,0.63671875,0.63671875,0.9451904296875,0.9451904296875,0.9567842085090073,0.636962890625,T-,T+,T+,0.9677658638338168,0.8425344094528505,251.2295258702678,1227.2705386020073,86,64,86,64
"[[-8, 1, 9, 10, -12, 5, -13, -4, -7], [11, -13, -4, 9, -14], [13, -4, 10, -11, -9, -6], [10], [-6, -5, -11, 13, 14, 8], [6, -1, -12]]",6816,9568,0.583984375,6,5,"[[5, 6, -12, -10, -1], [9, 12, -5, -4, -3], [6, 9, -14, -13, -11, -8, -1], [8, 14, -12, -11, -10, -9, -1, -5, -4, -2], [10]]","[[3, -10, -9], [2, -6, -3, -10], [1, 5, -4, -7], [-11, 13, -2, -10], [-8, 3, -12, 7], [-7, -6, 5, -3], [8, -14, -12, -9, -7], [12, -4, -1, 7], [9, -7, 1, -10], [7, 8, 9, 11, 13, -12, -5, -4, -3], [10, 14, -13, -8, -5, -4, -3, -2], [12, 6, -10]]",0.936279296875,0.74676513671875,0.74676513671875,0.936279296875,0.936279296875,0.9608763693270735,0.74102783203125,T-,T+,T+,0.9652347915336797,0.8890152681563045,270.95644179035145,865.0035296798832,78,72,78,72
"[[10, -4, -2, -9, -7, 5, 3, 11, -12, -1, -6, -8], [-6, -14, 4, 7, 3, -1, -10, -11, -13], [-6], [11, -4, 14], [-4, -10, 14, 5, 3, 7, 2, 11, 12, 8, -6, 13], [2, 5, 1, -8, -12, -13]]",7056,9328,0.5693359375,6,7.166666666666667,"[[2, -4, 14], [9, 11, 14, -4, -2], [-6]]","[[-13, 5, -1, 6], [1, 3, 4, -10, -9], [3, -5, -4], [1, -13, -11, -10, -7, -4, -3], [8, -11, 14, 6], [9, 12, -13, -4, -3], [8, -1, 6], [1, 3, 4, 9, 11, 13, -14, -12, -8, -6], [-5, 6, 7], [1, 4, 5, 10, -13, -12, -11, -9, -8, -6, -3], [-14, -2, 6]]",0.9482421875,0.7568359375,0.9482421875,0.9482421875,0.9482421875,0.9783040741967539,0.737060546875,T+,T+,T+,0.9628568243484533,0.8893300799228406,289.4900722682861,862.5499193074036,68,82,68,82
"[[8, -6, 10, -3, 12, 5, 13, 7, -1, 4], [6]]",8176,8208,0.5009765625,2,5.5,[[6]],"[[2, 9, 10, 11, 12, -13, -8, -7, -4, -3], [9, 11, -12, -2], [3, -4, -10], [2, 5, 8, -12, -9], [1, 12, -11, 9], [11, -7, 3, -12], [-6]]",0.9990234375,0.8515625,0.8515625,0.9990234375,0.9990234375,0.9988545246277205,0.8525390625,T-,T+,T+,0.9974657948667318,0.9185294069466684,17.94277759516109,576.8312566775373,91,59,91,59
"[[-11, -5, -7, -14, -3, -10, -12, -8, -9, -13, 1, 4, -6], [2, 9], [-5, 6, -12, -14, 11, -9, 8, 2, 4, 10, 7, -1, 3], [-1, -9, 2, 13, 6, -14, -12, 11, -4]]",12252,4132,0.747802734375,4,9.25,"[[9, 2]]","[[4, -12, -2], [3, -10, -9], [-7, -4, 5], [3, 11, 13, -8, -4], [-9, 12, -3, 7], [-6, -4, -1, 7], [8, -5, -4, -12], [5, -6, -14, -3], [10, -13, 14], [-5, 13, 7], [-13, 6, -1], [1, 12, -2]]",0.997802734375,0.735107421875,0.735107421875,0.997802734375,0.997802734375,0.9976790450928382,0.736328125,T-,T+,T+,0.9970443380643418,0.8911009905387377,23.036123657850943,848.7476249913184,122,28,122,28
"[[-3, -1, 6, -10, -4, 13, 7, -12, -9, 14, 11, -8], [7, 3, 1, 8, -5, -4, 14, 12], [12, -14, -8, 13, 2, 1, -7, 11, -3], [-5, 1, -13, -7, 6, 3, 9, 2, 11, 10, -14, 8, -4]]",16282,102,0.9937744140625,4,10.5,nan,nan,nan,nan,nan,nan,nan,nan,nan,nan,nan,nan,nan,nan,nan,nan,150,0,150,0
"[[-10, 13, 1, 3, 14, 12, 7], [10, 14], [7, 13, -1, -14, 11, 6, 4, 2, 3, -5, 10, -9, -8], [-9, 6, 14, 1, 10]]",12158,4226,0.7420654296875,4,6.75,"[[10, 14]]","[[-8, -14, -2], [8, 2, -10], [-7, -6, 5, 1], [2, 3, -4, 7], [-8, 11, -4, -1], [8, 6, -2], [1, 3, -13, -10, -9], [-8, 12, 5, -10], [-6, -14, 10, 2], [9, 5, -11, -1], [3, -14, 11, -12], [-7, -13, -4, -3], [11, 6, -1], [13, -10]]",0.9920654296875,0.775146484375,0.775146484375,0.9920654296875,0.9920654296875,0.9898674980514419,0.7830810546875,T-,T+,T+,0.9970443380643418,0.9178957206084996,23.036123657850943,639.9122680720839,125,25,125,25
"[[-2, -9, 1, 3, 7, -12, -10, 6, -4, -8, 13], [6, -13, 8, 11, -9, 1, -4, 3, 2, -5, 7], [10, 7, 8, -2, -11, 13, -3], [-5, -12, -6, -11, 2, -7, -14, 10, -3, -8, -13, -4], [11, -3], [12, -9, 2, -11, -4, 13, 14, 3, -6, 5, 8], [4, -3, 9, -12, -2, 11, 13, 1, 6, -10, -14, 8, 7], [-1, 8, 10, -2, 5, -9, -13, 12]]",12084,4300,0.737548828125,8,9.375,"[[11, -3]]","[[4, 6, 8, 10, 11, -13, -9, -5, -1], [-7, -6, 5, 1], [-8, -11, -13, 5], [4, -11, -1], [5, 6, 12, -13, -10, -1], [-14, -9, -8, -3, -2], [2, 7, 14, -6, -4], [-5, 6, -2], [8, -7, -14], [8, -11, 14], [3]]",0.987548828125,0.8336181640625,0.8336181640625,0.987548828125,0.987548828125,0.988242125127014,0.8409423828125,T-,T+,T+,0.9970443380643418,0.9161074384800726,23.036123657850943,653.8499541614759,116,34,116,34
"[[-8, 7], [5, 8], [6, -13, -2]]",7168,9216,0.5625,3,2.3333333333333335,"[[-13, -3, 6, -2], [8, 5], [-8, 7]]","[[8, -5, 13], [10, -13, -12, -5], [2, 13, -10, -9, -6], [7, 8, 12, -9, -6, -1], [1, 2, 5, 9, 10, 13, -8], [1, 4, 6, 10, 12, -5, -3], [8, 12, -11, 7], [3, 6, 10, 13, -1], [1, 5, 6, 9, 12, -13, -10, -8, -4, -3], [-6, -11, -2], [8, 3, -4], [-8, -7]]",0.96875,0.7340087890625,0.7340087890625,0.96875,0.96875,0.9650993698497334,0.7554931640625,T-,T+,T+,0.9766187601438837,0.8926150340676062,165.54476239118273,760.3112058667442,80,70,80,70
"[[-9, -4, -1, 12, 7, 14, 8, -6, 10, 11], [-6, -9, -14, 2, 11, 5, -7, -10], [-6, 5, 7, -10, -3, -2, 12, 11, -13, 4, 9, -8, -14], [8, 4, -2, -11, -7, 10]]",16046,338,0.9793701171875,4,9.25,"[[1, 3, 4, 5, 8, 9, 10, 13, 14, -12, -11, -7, -6, -2]]","[[2, -6, -3], [8, -7, -12], [2, 3, -4, 7], [-10, 6, 7], [-7, -13, 12], [1, -6, 3, 5], [9, 10, -1], [10, 4, 6], [-12, -2], [-13, 14], [-14, -2], [-8, 11]]",0.97943115234375,0.9007568359375,0.9007568359375,0.97943115234375,0.97943115234375,0.978689504082852,0.91937255859375,T-,T+,T+,0.9918049235494134,0.9633968623760448,63.87157889192635,285.28107169435197,149,1,149,1
"[[5, -8, -4, 6, 9, -1, 2, 12, -3], [2, 3, 12], [-9, 1, 3, -2, -10, 4, 11], [-4, 7, 13, -8], [-5, 1, 10, 6, 11, 12, -8, 9, 2, -14], [4, -7, 9, -12, 2, 11], [3, -7, 5, 13, 2, -9], [-8]]",6912,9472,0.578125,8,5.75,"[[2, 3, 8, 12, -11], [1, 3, 4, -10, -9], [-7, 2, 3, -1], [-8]]","[[3, 5, 7, 9, 10, 11, 13, 14, -2, -6, -4, -1], [8, -7, -12], [8, 2, -3, -10], [1, -6, 5, -7], [6, 11, -10, -4, -3], [7, 9, 10, -13, -5], [1, 6, 12, -14, -2], [2, 11, -3, -9], [8, 10], [8, -2]]",0.9521484375,0.8333740234375,0.9521484375,0.9521484375,0.9521484375,0.9737888381681638,0.8289794921875,T+,T+,T+,0.9518404236469022,0.8897529051194861,375.35076078740644,859.2544634238774,72,78,72,78
"[[7, 13, 8, 4, -14, 11, -5, -9, 10], [-11, -14, 2, -1, 3, 6, 13, -10, -5]]",16320,64,0.99609375,2,9,nan,nan,nan,nan,nan,nan,nan,nan,nan,nan,nan,nan,nan,nan,nan,nan,150,0,150,0
"[[-11, 9, 4, -6, 3, -13, 7, 2, 14, -5, -12, -10, 1], [-9, 7, -11, 12, -5, 6, 8, 14, 2, -13, -3, -4, 10], [-12, -1, -13, 7, 4, 2], [3, -9, 11, 8, 5, -7, -2, -1, -10, -4, 13], [-5, -2, 10, -8, -14, 4, 7, -9], [2, -9, -8, -7, -6, 11, 1, 12], [5, -7, 2, -6, -14]]",15492,892,0.945556640625,7,9.142857142857142,"[[2, 5, -14, -7, -6]]","[[8, 2, -10], [5, 9, -8, -6, -3], [-8, 3, 7], [8, -5, -11], [8, -13, 11, -9], [12, 6], [4, -2], [11, 12], [-4]]",0.976806640625,0.894287109375,0.894287109375,0.976806640625,0.976806640625,0.9803446418955304,0.90673828125,T-,T+,T+,0.9953293650777767,0.949458491255093,36.40244587209676,393.91529567564316,144,6,144,6
"[[-9, 1, -3, -8, -13, 5, 6, 2, -12], [-8, 1, 9], [4, -3, 12, -11, -14, 7, -10, -5, 6, -8, -13, 1], [5, 12, -6, -1, -2, 11], [-2, -7, 9, 12, 13, -14, 11, -5], [14, 5, 2, 11, 6, -10, -13, -1, -9, -12, 8], [-9, 1, 4]]",11960,4424,0.72998046875,7,7.428571428571429,"[[1, 4, 5, -9], [-8, 9, -4, 1], [1, -5, -12, 4], [5, 10, 12, -13, -8, -7, -6, -2], [-8, 1, 4]]","[[1, -4, -7], [9, 5, -1], [2, -1, -10, -9], [3, 10, 11, -4], [8, -11, 14], [-10, -4, 6, 7], [-14, 4, -12, -2], [2, 9, 11, 12, -7, -6], [8, 10, -5, -1], [2, 8, -14, -12, -4], [-14, 12, 6, -2], [-12, -11, 14, -10], [10, -13, 4, 6], [2, -6, -3, 7], [-6, -4, -3]]",0.9482421875,0.6971435546875,0.6971435546875,0.9482421875,0.9482421875,0.9607808959386439,0.7003173828125,T-,T+,T+,0.9823994252675594,0.871723373888079,137.1770604392427,999.7747664832643,118,32,118,32
"[[-2, 3, 13, -8, 1], [-7, -14, 8, 1, 3], [-13, 3, -14, -9, -5]]",14912,1472,0.91015625,3,5,"[[2, 3, -14, -13, -5, -4], [1, 3, 12, 13, -8, -6, -2], [4, 5, 8, 9, 11, -13, -12, -10, -6, -2], [1, -14, 3, -7, 13]]","[[-14, 5, -3], [4, -12, -2], [2, -4, 14], [-7, -13, 12], [2, 8, 13, -14, -11, -1], [3, -12, 14], [9, -6, -4, 5], [-8, 10, -1], [4, -10, 7], [8, -6, -10, -9], [-8, 9, 11, 4], [-13, 4, 6, -9, 11, -1], [8, 10, -5, -4], [-4, 7]]",0.9327392578125,0.7945556640625,0.7945556640625,0.9327392578125,0.9327392578125,0.9400945486777958,0.8262939453125,T-,T+,T+,0.9726013225201202,0.9314226075799695,213.54246061552254,534.4851090248276,136,14,136,14
"[[-13, -9, -3, -10], [-14, 13, 12, 1, 8, -4, 11, -9, -2, -7, 5, 10, 6], [-11, -7, -5, 2, -3, -4], [-8, -12, 11, -3]]",14238,2146,0.8690185546875,4,6.75,"[[1, 2, 8, 9, 12, 13, 14, -11, -10, -7, -6, -5, -4, -3], [10, 11, -12, -8, -3], [-13, -3, -10, -9]]","[[1, -13, -7, -4, -3], [12, -3, 7], [-5, 4, -11, -1], [-8, 9, 2, -6], [3, -4], [-8, -12, 7], [5], [8]]",0.96282958984375,0.8358154296875,0.8358154296875,0.96282958984375,0.96282958984375,0.9664219006202324,0.85614013671875,T-,T+,T+,0.985224078437933,0.8963866001195231,115.16200555821827,807.5521301882287,136,14,136,14
"[[6, 14, 5, -9, -12, -3, 1, -4, -13, 2, 7], [5, 11, -10, -4, -13, -7, -12, -3, -14], [7, -5, -8, 11, 9], [-10, 2, -5, -1], [-6, -10, -5, 1, 11, 13, 3, 7, -8, 2, -4], [-4, -6, -3, -12, 8, -11, 7], [-11, 3, 9, -2, -7, 5, -6, -8, 10, -12, 14]]",14740,1644,0.899658203125,7,8.285714285714286,"[[1, 7, 9, 11, -8, -5], [2, -10, -9, -5, -1]]","[[-7, -6, 5], [-13, 5, 6, -1], [10, 3, -4], [8, 2, -3, -10], [1, 3, 14, -10, -9], [-5, -3, -2], [-8, 3, -12, 7], [2, 8, 13, -11, -1], [-8, 11, 12, -1], [8, 10, -5, -13], [-8, -6, -3], [9, -7, 1], [-12, -4], [-14, -2]]",0.946533203125,0.7816162109375,0.7816162109375,0.946533203125,0.946533203125,0.9462148414123279,0.81591796875,T-,T+,T+,0.9912426548980442,0.9192771682498794,68.2538426500412,629.1454079282544,141,9,141,9
"[[-9, 5], [-7, -11, -3, 10, -14, 12, -2, 5], [2, -11, -6, 9, -13, 14, 1, -8, -5, 7, 10, -12, 4], [-13, 7, -3, -9, -5, -14, -11, 8, 10, 1]]",12238,4146,0.7469482421875,4,8.25,"[[5, -9]]","[[7, 12, -10, -5, -3], [8, 2, -1], [1, 3, 6, 8, -7], [-8, 10, -6, 12], [8, 13, -12, -11, -9, -6, -1], [1, -13, -4, -7], [9, 5], [-5, 4, -12], [-8, 3, -4], [1, 4, 5, 6, 7, -14, -13, -11, -10, -9], [11, -4], [8, -5]]",0.9969482421875,0.8131103515625,0.8131103515625,0.9969482421875,0.9969482421875,0.9962608435536943,0.816162109375,T-,T+,T+,0.9970443380643418,0.9002764730534563,23.036123657850943,777.2348625608481,115,35,115,35
"[[-4, -7, -11, -1, 12], [14, -13, -9], [-12], [6, 10, 2], [-8, -14, -9, 12, 2, -10, 6, -4, 7, 13, -5], [-11, -2]]",4304,12080,0.7373046875,6,4.166666666666667,"[[1, 3, -11, -10, -9], [2, 7, 8, 14, -13, -9], [1, 9, 10, 11, -5, -4], [12, 13, -11, -10, -8, -2], [10, -13, 4], [10, -11, -1, 6], [3, -9, 6, 14], [-12]]","[[5, -14, -13, -9, -8, -7, -6, -4, -3, -2], [4, 6, 8, 10, 11, -13, -9, -5, -1], [-1, 12, 6, -10], [1, 11, 12, -14, -2], [-6, 3, -4, 12], [3, -14, -9, -8, -5, -4], [1, 9, -13, -7, -4, -3], [2, 8, 9, 10, 13, -14, -11, -5, -1], [9, 10, 11, 14, -6], [4, 5, 6, 10, 12, -14, -2], [7, 12, -13, -4, -3], [5, 7, 8, 13, 14, -12, -10, -4, -1], [-6, 2, 12, -3]]",0.826416015625,0.7880859375,0.826416015625,0.826416015625,0.826416015625,0.8993336506425512,0.7694091796875,T+,T+,T+,0.9529176120397186,0.901303054264724,366.95526578158376,769.2337946977458,53,97,53,97
"[[-14, -12, 8, -7, 10, -6, 13, 5, -3, 2, 1], [2, -1, -10, 6, -13, -11, -3, 8, -7], [-11, -13, 12, 3, 1, -8], [-4, -1, -12, -8, -10, -3, 11, 9], [-4, -14, 5, 13, -9], [11, -3, 6, -4, -13, -5, -10, 9, 12, 7], [5, -9, -4, 6, -7, 11, -1]]",15402,982,0.9400634765625,7,8,"[[2, 3, 5, 8, 13, -14, -11, -9, -7, -6, -4]]","[[4, -12, -2], [-7, -4, 1], [3, -4, 7], [-13, 5, 6, -1], [8, -12, -4], [2, 8, 13, -14, -1], [-7, 12, 4], [12, -3, 7], [5, -3], [10, 11], [3, -10]]",0.9405517578125,0.8619384765625,0.8619384765625,0.9405517578125,0.9405517578125,0.9402625234395928,0.911376953125,T-,T+,T+,0.9925215050941489,0.9576308659799256,58.28661639120519,330.22065168801157,148,2,148,2
"[[14, 6, 11, -7, 1, -2, 10], [-6, -4, -11, -2, -12, -10, 1, 7], [14, -12], [12, -3, -10, 14, 9, 4, 5], [3, -12, -10, -5, 4], [-1, -6, -9, -11, 8, 3, 5, -14, 13, 10], [-9, 1, -14, -6, 4, -3, 8, 12], [9, 10, 5, -4, -12, -14], [12, -8, -3]]",9504,6880,0.580078125,9,6.222222222222222,"[[-8, 9, -3, 5], [4, 5, 12, -14, -9, -3], [1, 2, 5, 8, 10, -13, -12, -4], [4, 6, 7, 14, -5, -3, -2], [-12, -11, -10, -5, -1], [-8, -4, 12, -3], [-12, 14]]","[[8, 2, -1], [3, 11, -4], [4, 11, -14, -12, -8], [-13, 5, 6, -1], [8, 9, -7, 1], [8, 12, 14, -13, -3], [7, 9, -12, -8, -6], [10, -5, 4, -1], [11, -3, -10, 7], [4, 8, 13, -12, -11, -10, -6, -1], [1, -14, -2, -9], [-8, 3, -10, -9], [-13, -8, -7, -4, -3, -1], [1, -6, 5]]",0.896728515625,0.5855712890625,0.5855712890625,0.896728515625,0.896728515625,0.9094300518134715,0.5889892578125,T-,T+,T+,0.9381616212846154,0.8112263706301914,481.96193269018124,1471.282157489325,98,52,98,52
"[[-2, -5, -8, 6, 7, -9, -1, 3, 4, -11, 14, 10], [11, 8, 12, -14, 3, 1, 4, 2, -7], [-3, -10, -4, 9, -13, -11, 7, -5, -12], [11, -1, -4, 8, 12, -9, -10, -7, -13, 2, 5, 14]]",16312,72,0.99560546875,4,10.5,nan,nan,nan,nan,nan,nan,nan,nan,nan,nan,nan,nan,nan,nan,nan,nan,150,0,150,0
"[[-14, 3, 7, -4], [12, -11, 3, -2, 9, -6], [12, -7, -11, -13, 14, 1, 3, -4, 9]]",15112,1272,0.92236328125,3,6.333333333333333,"[[-14, 3, -4, 7]]","[[-7, -6, 5], [1, -14, -2, -9], [-13, 5, 6, -1], [-8, 10, 11], [8, 2, -10], [2, -4, 14, 7], [8, 9, -5, -4], [-5, -10, 6, 7], [-5, 4, -1], [11, -4, -12], [-6, -12, -11, -1], [9, 14, -2], [-13, -4, -3], [1, 3]]",0.98486328125,0.794677734375,0.794677734375,0.98486328125,0.98486328125,0.9821806100875868,0.808349609375,T-,T+,T+,0.9958838923302104,0.9271903869562922,32.0805177772094,567.4705991643242,144,6,144,6
"[[3, -14], [-3, 1, 5, -8, 10, -2, -6], [-8, 5], [-13, 7, 3, -4, -2, -9, -12, -11, -6], [-14, -10, -13, 3, -2, 12, 5, -1, 11, 8, 4, 6, -9]]",9204,7180,0.561767578125,5,6.6,"[[-8, 5], [-14, 3]]","[[8, 2, -3, -10], [3, -12, 14], [-5, -3, -2], [5, 8, 9, -13, -7, -1], [8, 1, 5, -9], [2, -5, 12, -1], [6, 7, 11, -5, -4], [-6, -4, 13, 14], [8, 9, 10, -5], [7, 11, -13, -4, -3, -1], [8, 4, -1, -9], [1, 2, -3]]",0.999267578125,0.7559814453125,0.7559814453125,0.999267578125,0.999267578125,0.9990321019519277,0.7567138671875,T-,T+,T+,0.99520762528693,0.8854566563056714,37.351273220107245,892.738982659969,83,67,83,67
"[[14, -9, -4, 8], [9, -3, 12, -6, 10, -14, 7, 2, 13], [8, 1, 11, 5, 9, 7, 14, -12, 10, 6, -2], [12, -1, -4]]",13536,2848,0.826171875,4,6.75,"[[8, -4, 14, -9], [12, -4, -1]]","[[2, 7, 10, 12, 13, 14, -9, -8, -6, -5, -4, -3], [-8, -14, -2], [1, -6, 5], [8, 2, -10], [8, 9, -5, -4], [-13, 4, 6], [-8, 9, 5, -3], [3, -4, -12], [1, -2, -9], [-5, 4, -3], [-8, 3, -5], [-7, -13, -3, 14], [9, 10, 5], [-12, -1, -2]]",0.998046875,0.7735595703125,0.7735595703125,0.998046875,0.998046875,0.997638167217761,0.7752685546875,T-,T+,T+,0.9934589035328795,0.8970096629588257,50.98062984018686,802.6960428124621,132,18,132,18
"[[1, -7, 5, 6, -10, 4, 11, 9, 2, 14, -8], [-2, 1, 9], [11, -12, -2, -7, 1, 5, 3]]",14264,2120,0.87060546875,3,7,"[[-7, 9, 1, -2], [1, 11, -13, -12, -2]]","[[1, 5, -9], [9, 5, -1], [-8, 10, 11], [9, 2, -4, 1], [-7, -14, -2, -9], [1, 3, 14, -12, -10], [2, 5, 12, -13, -10], [5, -4, -3, -10], [-8, -1, 7], [-5, 4, -12, -2], [-7, -6, 12, 5], [8, -12, -4], [-5, 7], [8, -1]]",0.92919921875,0.81103515625,0.81103515625,0.92919921875,0.92919921875,0.9519976147883125,0.81884765625,T-,T+,T+,0.9842654356404632,0.9192021143292264,122.63356844563786,629.7303704289754,139,11,139,11
"[[14, 4, 13, 6, 10, 8, -5, -9], [-2, 14, -9, -10, 5], [8, -5, -12], [-7, 1, -2, -12, -5, 11, -14, 9, 3], [4, -5, 6, 9, 12, -8, 11, -10, -7, 3], [-1, 2, -8, -9], [6, -9, 3, -1, -8, -7, -10, -13, 4, 12]]",12730,3654,0.7769775390625,7,7,"[[8, -5, -12], [1, 3, 5, 14, -10, -9, -2], [2, 7, -14, -9, -8, -5, -4, -1], [3, 6, 11, -14, -8, -7]]","[[-7, -6, 5], [8, 2, -3, -10], [-13, 5, 6, -1], [1, -14, -2, -9], [2, -4, 14, 7], [-10, 13, 6, 7], [-5, 4, -1], [-6, -12, -11, -1], [1, 3, 8, 13, -7], [-8, 3, 4], [9, 10, 7], [7, 12, -13, -10, -6, -4, -3, -1], [-8, 10, 11], [1, -4]]",0.9041748046875,0.6849365234375,0.6849365234375,0.9041748046875,0.9041748046875,0.9060922248401212,0.725341796875,T-,T+,T+,0.9826809826352563,0.8695477077157688,134.982631414463,1016.7316837744086,126,24,126,24
"[[-1, -9, -8, 6, -14, -4, 5], [2], [-7, -14, 11, -12, 4, -5, -8, -10, -9, -1, -13]]",8124,8260,0.504150390625,3,6.333333333333333,[[2]],"[[-8, -4, -2], [1, 3, -10, -9], [1, 6, 8, 12, -14, -2], [5, 8, 14, -7, -4], [11, -4, -1], [10, 4, -1, 6], [5, 9, 12, -7, -4], [3, 9, -5, -12], [7, 9, 10, 12, 14, -13, -11, -3], [8, -5, -4, -12], [4, -2]]",0.995849609375,0.76416015625,0.76416015625,0.995849609375,0.995849609375,0.9945980298697172,0.768310546875,T-,T+,T+,0.9976474304492462,0.8948245693313296,18.335683939709853,819.7264367149944,86,64,86,64
"[[9, -6, 5, -7, -10, 3, 13, 1], [-14, 8, -2], [-11, -3, -1, -14], [5, -7, 8], [2, -11, -14], [5, 7, 1, -10, -14]]",10468,5916,0.638916015625,6,4.333333333333333,"[[1, 3, 4, 5, 7, 11, 12, -14, -13, -10, -9, -2], [8, -7, 5], [1, 6, 8, 11, 12, -14, -2], [5, -14, -11, -7, -3], [1, 8, -14, -12, -9, -3], [2, 9, 10, 12, -14, -13, -11], [8, 13, -14, -11, -1]]","[[-8, -14, -12, -2], [-5, -3, 14], [-8, -7, -13, 5], [3, -5, -12], [10, 4, 6, -1], [1, 3, -10], [2, -4, 14], [10, 11, -4], [-10, 7], [-8, 11]]",0.81439208984375,0.727294921875,0.727294921875,0.81439208984375,0.81439208984375,0.8465443186255369,0.78155517578125,T-,T+,T+,0.9477819429930544,0.9113617008602116,406.98213955813634,690.8377426970713,111,39,111,39
"[[11, -5, 9, 4, 7, 2, 10, -1], [-8, 11, -2], [-13, -2, -14], [14, 2, -8, -7], [-3, 9, -2, -14, -6, -7, 11, -1, -10, -5, 13, -8]]",11712,4672,0.71484375,5,6,"[[-8, -14, -12, -2], [1, -14, -13, -2], [5, -13, -8, -7, -6, -4], [11, 12, 14, -8, -7], [-8, 11, -2]]","[[8, 2, -10], [-13, 5, 6, -1], [9, -5, -4], [13, -11, -5, -3, -2], [-8, 9, 5, -3], [1, 13, -14, -9, -7, -5, -2], [8, 14, -12, -11, -4], [-8, 4, -12, 7], [-5, 4, 6, 14], [-13, 11, -9, -5], [-3, -13, 7, -8, 11, 12, -4], [-6, 13, -1], [-14, 3, 6, -8, 10, 12, -4], [1, -6, 5], [8, -2, 6], [2, -4]]",0.89208984375,0.6806640625,0.6806640625,0.89208984375,0.89208984375,0.9075747046560111,0.70263671875,T-,T+,T+,0.9611088205386841,0.8589363978556471,303.11383330483727,1099.4351361417043,117,33,117,33
"[[7, -13, -6, -5, 12, 9, 10, 1, 14, -8], [-14, 1, -3], [11, 2, 9, 8], [12, 4, -6, -7, -2, 5, 11, -9, 3, 1, 14]]",13416,2968,0.81884765625,4,7,"[[1, 8, 9, 11, -13, -4], [2, 5, 8, 9, 11, -10, -3], [1, -14, -3]]","[[3, -10, -9], [-8, 10, 11], [-10, 13, 6, 7], [1, 3, 12, -14, -7], [-7, -6, 5, -2], [8, -7, 2, -12], [2, 4, -10, -6, 12, -3], [-4, 14], [-7, 3, -2], [9, -12, 7], [-1]]",0.94921875,0.82080078125,0.82080078125,0.94921875,0.94921875,0.9519272102020346,0.8519287109375,T-,T+,T+,0.9877374187497319,0.9273807185614432,95.573290922636,565.9871743046132,129,21,129,21
"[[-13], [11, -13, -12, -3], [-8, 4, 10], [-11, -1, -5, 13, -14, 3, -6, 2, -4, 7, -12, 10], [-3, -8, -4, 11, -7, 1], [7, -14, 8, -11, 4, 5, -2, -6, 12, -9, 1], [5, 10], [-7, -10, -9, 1, -8]]",5306,11078,0.6761474609375,8,5.5,"[[-7, -13, 5], [-8, 10, -12, -3], [8, 2, -13], [1, 3, -10, -9, -2], [-5, -2, -13], [10, -6, 3, -1], [10, 5], [-13, 7]]","[[1, 2, 4, 5, 8, 12, -14, -9, -7, -6, -3], [2, 3, 7, -14, -10, -9, -8, -5, -4, -1], [13, -11, -10], [3, 11, 13, -8, -4], [8, 2, 13, -1], [1, 8, 13, -9, -7], [2, 4, -10, -6, -3, -1], [3, 9, -5, -12], [9, 11, 12, -4], [2, 7, 14, -6, -4], [8, -12, -3, 6], [1, 6, 8, -9, -2]]",0.910400390625,0.71844482421875,0.910400390625,0.910400390625,0.910400390625,0.9568147556974372,0.68829345703125,T+,T+,T+,0.957130073124035,0.8569920386700558,334.12377944971115,1114.5892706840189,59,91,59,91
"[[1, 14, -7, -9, 2, 5, -13, 8, 4, 6, 3, 11], [10, -8, -11, 3, 13, -6, 14, -7, -9, -2, 4, 5, 12], [6, 4], [10, -9], [3, -10, -5, 2, -12, -6, 14, -4, -8, 1], [-11, -4, 2, -7, -5, -8, 14], [13, 3], [-13, -8, -6, 4, -3, 14, -10, -12, -9, 2, 11, 1, 7]]",6832,9552,0.5830078125,8,7.625,"[[3, 13], [4, 6], [10, -9]]","[[2, 3, 8, 11, -14, -13, -12, -9, -7, -5, -4], [-3, -6, 5], [1, -13, -4, 9], [5, -13, -8, -7, -2], [-4, -3, 6, -10], [8, 9, 12, 14, -11, -5, -3], [3, -13, -10, -9, -2], [-12, -11, -1, -6, -2], [9, 10, -5, -7], [1, 3, 5, -10, -7, -6], [5, 6, 9, 12, -13, -1], [1, 5, 11, -9, -3], [7, 11, -13, -6, -3], [1, 3, 14, -12, -11, -9, -8, -6, -4], [2, -1, -10, 7]]",0.9951171875,0.7342529296875,0.7342529296875,0.9951171875,0.9951171875,0.9956038487060385,0.73583984375,T-,T+,T+,0.9855287517974209,0.8522848010693207,112.78741288246493,1151.2769940495373,81,69,81,69
"[[11, -14, 5, -13], [-12, -9]]",11520,4864,0.703125,2,3,"[[1, 4, 5, -14, -13, -2], [11, 2, -13, -12], [5, -14, -13, -10, -9, -8, -7], [-12, -9]]","[[3, 4, 5, 6, 7, 10, 14, -13, -9, -8, -1], [1, -4, -7], [2, -4, 14, 7], [-8, 11, 12, -1], [1, 4, 5, 12, -7], [3, -11, 14, -10], [3, 10, 11, 13, -14, -2], [-10, -3, -2, 6], [2, 7, -10, -9, -1], [-14, 5, -4, -3], [8, 10, -5, -1], [9]]",0.9375,0.7489013671875,0.7489013671875,0.9375,0.9375,0.9615068942875903,0.74365234375,T-,T+,T+,0.9772937661682974,0.8702728706502395,176.97003978728088,1011.0798388089804,107,43,107,43
"[[-7], [8, 14, 11, -3, 12, -1, 2], [-5, -7, 3, -9, -8, -14, -6, 10, -2, -4, 12, 1]]",8128,8256,0.50390625,3,6.666666666666667,"[[-6, 11, -3, 14], [-7]]","[[4, 6, 8, 10, 11, -13, -9, -5, -1], [2, -4, 7], [-8, -14, 4, -12], [7, 6, -10], [5, 10, 11, -12, -6, -4], [2, 4, -10, -6, -3], [3, 10, 11, 13, -4], [1, 5, -10, -9, -2], [4, 6, 10, -3, -2], [8, -12, -2, -10], [2, 5, 9, 10, -8], [-13, 7]]",0.96875,0.769287109375,0.769287109375,0.96875,0.96875,0.987895416397676,0.75634765625,T-,T+,T+,0.9868401120615657,0.8609322916311128,102.56680651325095,1083.8793463320274,78,72,78,72
"[[13, -1, 3, 6, -12, 8, 4, 2], [6, -11, -8, 14, -10, -12, 5, 7, 3], [9, -14, 13, -10, -11, 12, -7, -8], [-8, -13, -3, -1, -2, -9, -11, 7, 10, -14, -5, -6], [-7, -4, -14, 1, -10, 13], [-3, -13, 6, -5, 11, -8, -12, -10, -4, -9, 14]]",15972,412,0.974853515625,6,9,"[[1, 3, 13, -14, -10, -9, -8, -7, -5, -4, -2], [5, 9, 13, -14, -11, -10, -7, -6, -3]]","[[10, 3, -4], [-7, -6, 5, 1], [-14, 12, 6, -2], [11, 12, -6, -3, -1], [-11, 13, 14, -10], [3, -13, 5, -2], [-8, 9, 11], [-13, -4, -3], [-4, 7], [4, -12], [-13, 6], [8, 2]]",0.97509765625,0.8807373046875,0.8807373046875,0.97509765625,0.97509765625,0.9807982444109176,0.8900146484375,T-,T+,T+,0.9869730976486106,0.9612541315057902,101.53033059192839,301.98129464515125,146,4,146,4
"[[-5, -7, -13, 11, 3, 10, 8, -2, 12, -14, -6, -1, -4], [12, 14, -2, 10, 3, -11, 4, 6, 9, -7, 1, -8, -13], [3, -12, 5], [-6, -9, 2, 12, 7, 1, -13, 11, 3, -4, -10, -5], [-13], [-3, 14, 12, 9, 10, -6, -8, 7, -11, 1, -4], [13, -8, -1, -10, 6, 3, -7, -14], [-11, 13, 3, 7, -6, -12, -10, 5, -2], [6, 5, -14, 10, -13, -8, 1]]",7116,9268,0.565673828125,9,8.555555555555555,"[[5, 3, -12, 13], [-13]]","[[3, -4, 13], [8, -12, 13, -10], [1, 3, 6, 8, 10, -7, -2], [10, 11, -8, -3, -1], [2, 4, 7, -11, -10], [-8, -5, 3, 7], [-14, -3, 6, -10], [9, 10, -7, -5, -1], [1, 3, 5, 12, -6], [1, -9, -8, -6, -4], [1, 2, 4, 5, 8, 12, -14, -13, -9, -7], [13, -3]]",0.996826171875,0.7696533203125,0.996826171875,0.996826171875,0.996826171875,0.9977802441731409,0.7698974609375,T+,T+,T+,0.9864551954871162,0.8669046983888492,105.56680651325095,1037.3310253125048,70,80,70,80
"[[-13, -14, 6, 4, 10, 12, -5, -7, -2, 9, -3, -1], [7, -14, -2], [-6, -12, -8, -9], [-13, -10, 14], [4, 9, 1, 8, -2], [-5, 10, -12, 13, 2, -3, 6, 7, -14], [-2, 6, -5, -13, -14, -12], [7]]",6372,10012,0.611083984375,8,5.375,"[[-8, -6, -12, -2], [3, -12, -10], [9, -13, -3, 14], [6, 7, 13, -10, -5], [4, 5, 11, 12, -9], [3, 14, 7], [11, 7, -3, -13], [1, 3, 13, 9], [2, 7]]","[[1, -4, -7], [5, -13, -8, -7, -2], [-14, -6, 5, -3], [10, -5, 4, -1], [5, 6, 12, -13, -1], [3, 10, 11, 13, -8], [1, -14, -2, -9], [-6, 9, 2, 10], [13, -11, -10, -9, -6], [3, 7, 9, 13, 14, -11, -10, -5, -4, -2], [8, -7, -12]]",0.751953125,0.65252685546875,0.751953125,0.751953125,0.751953125,0.8366351722035965,0.60076904296875,T+,T+,T+,0.8699687456277543,0.8236190112941704,1013.4501578028053,1374.6951969379113,74,76,74,76
"[[-8, 5, 1, 3, 10, -14, 2, 6, 12, 7], [-1, -11, -6, -13, 7, -9, -4], [-6, 8, 12, 3], [6, -12, -5, 3, -11, -7], [-3, -13, -7, 4, 12, -10, 14, -5], [4, 10, 12, -2, -9, -11, 3, 13], [-13], [-1, -9, 4]]",6576,9808,0.5986328125,8,5.875,"[[4, 13, -10, -9, -6, -1], [8, 1, -4, -7], [6, 11, -1, -3, -2], [2, 7, 12, -9, -1], [-13]]","[[2, 3, 7, -14, -10, -9, -8, -5, -4, -1], [3, -4, 13], [8, -7, 13, 1], [-10, 13, 6, 7], [1, 3, 14, -11, -10, -9, -6], [-8, 9, -6, -1], [3, 11, 13, -14, -12], [8, -12, -7, -4, -1], [1, 6, 8, -9, -2], [5, 12, -14, -7, -6], [1, 5, 10, -14, -13, -12, -11, -9, -8, -7, -4, -2], [13, -3]]",0.8876953125,0.81640625,0.8876953125,0.8876953125,0.8876953125,0.9460943542150039,0.7891845703125,T+,T+,T+,0.954573229709877,0.8850780263052941,354.05155276901917,895.6899857513708,69,81,69,81
"[[1, 13, 4, 10, -5, 12, -6, 8, -14, 3, -9, -2, -11], [7, 1, -9, 11, 13, 12], [-9, 7], [-13, -2, -5], [-8, -5, -4], [4, 2, -8, 14, -6, 7, -5, 3, 1, 13, -11, 9], [-2, 13, -14], [-11, 10, 5, -9, 1, -13, 7]]",8252,8132,0.503662109375,8,6.125,"[[1, -14, -7, -5, -2], [4, -14, -12, -8, -2], [-8, -5, -4, 12], [-13, -2, 14, -5], [13, -14, -10, -1, -2], [10, -14, 12, -2], [-9, 7]]","[[-7, -13, 5], [8, -7, 3, -12], [5, -12, -3], [8, 9, -5, -4], [-6, 3, -4, 5], [13, 14, -11, -10, -2], [2, 12, 6, -1], [8, 14, -10, -4, -3], [1, 5, -14, -9, -3], [8, 4, 6, -1], [9, 2, -6, 4], [-13, 12, -4], [1, 3, 4, 7, 9, 11, -14, -5], [-8, -12, 13, 14]]",0.907470703125,0.6617431640625,0.6617431640625,0.907470703125,0.907470703125,0.9381695170080812,0.6495361328125,T-,T+,T+,0.9486324111887898,0.8920987798999401,400.35367833675326,840.9709578319768,96,54,96,54
"[[-10, -3, 5, 6, -8, -9, 4, 14, 2], [-2, 12, -13, -9], [-8, -5, 6, -10, -2, 4, -1, -12, 9, 3, -13, 14]]",15324,1060,0.935302734375,3,8.333333333333334,"[[-13, 12, -2, -9]]","[[-7, -6, 5], [-8, 10, 11], [8, -12, -9], [1, -13, -4, 14], [-14, -12, -11, -8, -2], [-10, 13, 6, 7], [-13, 5, 6, -1], [-6, 11, -4], [-5, 4, -12], [-14, 5, -3], [1, 3], [8, -5], [2, 7]]",0.997802734375,0.852783203125,0.852783203125,0.997802734375,0.997802734375,0.9982837528604119,0.853515625,T-,T+,T+,0.9958838923302104,0.9383292624608162,32.0805177772094,480.6553546886456,146,4,146,4
"[[-8, -1, -6, -12, -4], [-1, 7, -11, -10], [6, 1], [1, 11, -9], [10, -2, -4, 11], [-8, 5], [12, 8, -1]]",5344,11040,0.673828125,7,3.2857142857142856,"[[1, 11, -9], [1, -2, 6, 7], [-5, -4, -1], [-7, 11, 12, -1], [4, 6, 8, 9, 10, 12, -2], [3, 7, 11, -4, -2], [-8, 5], [-7, 1, -2], [9, 2, 6, -10]]","[[3, 5, 6, 9, 11, -10, -7, -2], [3, -6, -5, -9], [8, 1, -6, -11], [2, -11, -7, -6, -3], [4, 9, -10, -7, -5, -2], [2, -5, 6, -1], [1, 3, 5, -10, -6], [4, 7, 10, -11, -6], [11, -12, -8, -7, -6, -5, -3, -2], [8, -4, 5, 7], [1, 10, 12, -11, -4], [2, 11, -12, -5, -4], [3, 4, 6, -8, 9, 10, -7], [8, -12, -1]]",0.7626953125,0.71875,0.7626953125,0.7626953125,0.7626953125,0.8679104477611941,0.654296875,T+,T+,T+,0.9003770397662303,0.8435892283538586,636.6222433705851,999.5143298194989,62,88,62,87
"[[6, 13], [-8, -5, -13, -10]]",11264,5120,0.6875,2,3,"[[-13, -10, -8, -5, -1], [1, 12, -11, -10, -8, -5], [13, 6]]","[[-3, -13, 5], [8, 9, 12, -11], [8, 2, -12, -9], [1, 8, 12, -5, -3], [2, 9, 10, -8, -3], [9, -5, -12, -2], [-7, -12, -1], [3, 12, -11, 7], [6, 10, -13, -12, -5], [2, -5, -10, -9], [-8, 4, 5], [-6]]",0.97265625,0.765380859375,0.765380859375,0.97265625,0.97265625,0.9784742006964229,0.771240234375,T-,T+,T+,0.9886089429309982,0.8511388581031849,80.65140460799793,1053.9724375712235,111,39,111,39
"[[9, -13, -1, -4, -3, 11, 14, 12, -2, -7], [6, -12, -9, 4, -3, -5, -13, -14, -11, -8, -1], [8, 2, 10, -5, -6, -13, 7, 14], [-11, 1, -13, 12, -5, 8, -2, -10, -6, 14, 4], [13, 10, -14, -5, -2, 6, 12, -8, 4, 9], [-11, -3], [14, 6, 13, -1, 7, -12], [-10, 11, 6, 2, -12, 1, -8, 7, -5, -13, -3, 4, 14], [-8]]",5988,10396,0.634521484375,9,8,"[[-11, -3, -5, 13], [9, 14, -13, -4, -3], [1, 5, 9, 13, -14, -12, -11, -10, -7, -4], [2, -6, 4, -3], [-8]]","[[11, 8, -5, -13], [1, 8, 10, -14, -12, -6, -4], [11, -3, 6, -10], [3, 9, 14, -4, -2], [4, 13, -14, -10, -9, -6, -1], [3, 13, 14, -12, -11, -10, -8, -7, -6, -2], [2, 11, 14, -13, -12, -8, -7, -4, -3], [8, 5], [8, 3], [1, 3, 12, -14, -10, -7, -4], [-13, 4, -2, 7]]",0.895263671875,0.81494140625,0.895263671875,0.895263671875,0.895263671875,0.9212279177526789,0.843017578125,T+,T+,T+,0.9401365490263968,0.9148565415154564,466.5695499801933,663.599315823067,68,82,68,82
"[[3, -8, -2, 7, 9, 1, 5, 10, 12, -11, 13, -6], [14, -7, -6, -1, 9, 4, 2, 5, -8, -11, -3], [5, -4, -7, -1, 11, 2, -3, 14, 8, 12, -9], [1, -4, -10, -14, 6, -12, -9, -11, -5, -3, 8, -7, -2], [10, 3]]",12270,4114,0.7489013671875,5,9.8,"[[10, 3]]","[[-8, 9, -12, 7], [1, -6, 5, -7], [5, 6, 9, 12, -13, -1], [1, 2, 5, 14, -12, -4], [8, -5, -9, -13], [8, 13, -11, -9, -6, -1], [3, -10], [-3]]",0.9989013671875,0.9417724609375,0.9417724609375,0.9989013671875,0.9989013671875,0.9988348006214397,0.94287109375,T-,T+,T+,0.9970443380643418,0.9596408235935694,23.036123657850943,314.55524977707694,119,31,119,31
"[[7, 14, -6], [6, 8, -2], [-14, -3, 7, -4, -11, -13], [-3, -1, 8, -7, 10, -2], [4, -7, 10, -8, 11, -13, 9, -14, 1, -3], [-13, 14, -6, 8, 12, -9, -4, -3], [1, 4, -10, -7], [4, -13, 3, -7, 10, -8, 6, -11, 9], [5, -7, 12, -10, -4, 8, -11, -6]]",10904,5480,0.66552734375,9,6.333333333333333,"[[1, 3, 4, -10, -9], [2, 7, 14, -6, -4], [8, 11, 14, -13, -3, -1], [1, 8, -13, -10, -6], [3, 5, 9, 10, 14, -2, -1], [8, 6, -2]]","[[-8, -14, -2], [-7, -6, 5], [8, 2, -4], [-8, 11, -4, -1], [8, -12, 13, -10], [2, -6, 4, -3], [10, -13, 14, 7], [1, -13, -7, -4, -3], [-8, -5, 4], [-14, 3, -10, -9], [10, -12, -4, 14], [11, -4, 6, 7], [4, 8, 10, 11, -13, -12, -9, -5], [12, 6, -1]]",0.826416015625,0.635009765625,0.635009765625,0.826416015625,0.826416015625,0.8497409326424871,0.65966796875,T-,T+,T+,0.9490497322621394,0.867414069387269,397.1011210213421,1033.361040394488,117,33,117,33
"[[5, -14], [-3, 14, 6, -4, 10], [-5, 3, 1, 14, -10], [11, 5, 2, -9, -14, 1, 10, -3, -6], [14, 13, -9, -6, 3], [9, -10, 13, -7, 14, 2], [1, -11], [12, -11, -2, 7, -4, 6, 14, 1, -9, 8]]",8048,8336,0.5087890625,8,5.5,"[[1, 3, -10, -9], [-6, 3, -12, 5], [2, 7, 8, 12, 13, -11, -1], [-14, 5], [1, -11]]","[[11, 10, 3, -4], [-3, 11, 5, 14], [-6, -12, -11, -1], [3, 4, 6, 14], [6, 9, 12, -13, -7], [-14, 3, -5], [-6, -3, -1, 7], [9, 3, -4, 14], [7, -4, 6, -10], [10, -5]]",0.91015625,0.6787109375,0.6787109375,0.91015625,0.91015625,0.9294871794871795,0.685546875,T-,T+,T+,0.9494433970294663,0.9006845509261698,394.0329385101831,774.054345795906,85,65,85,65
"[[2, 13, -10, 6, 11, 5, 4, 8, 9], [2, 4, -5, 10, 14], [-12], [-8, 9, -13, 4, 7, -11, 12, -5], [-13, -8, 11, 3]]",7368,9016,0.55029296875,5,5.4,"[[4, 5, 11, -13, -10, -9], [3, 10, 14, -7, -1], [-12]]","[[5, -14, -13, -9, -8, -7, -6, -4, -3, -2], [4, 6, 8, 10, 11, -13, -9, -5, -1], [-10, 12, 6, -1], [2, 3, -4, 7], [3, 13, -6, -4, -2], [8, 9, 14, -11, -4, -3], [3, 5, 7, -13, -9], [9, 10, -11, -1], [2, 5, 14, -6, -3], [-8, 5, 12, -11], [-14, 3, 12], [12, -3]]",0.9375,0.80755615234375,0.9375,0.9375,0.9375,0.9533536358909604,0.82171630859375,T+,T+,T+,0.9750907465010993,0.8941436341489527,194.1401473905895,825.0335751515564,69,81,69,81
"[[-3, 12, 10], [-11, -10, 5, 1, -12, 8], [-7], [-1, 10, 11, -9, 14, 13, 12, -4, -5, -3, -7, -2, 8], [9, 11, -2, -10, 14, -1, -4, 5, 7, -8, -3], [3, 7, -12, -11], [7, -11, 8], [-9]]",2424,13960,0.85205078125,8,5.25,"[[-7, -6, 5], [8, 2, -10], [9, -7, 6, -2], [10, -5, -1], [8, -5, -4], [3, -12, 13, 14], [-8, -14, -11, -2], [1, -13, -7, -4, -3], [-13, 4, 6], [-2, -9], [-9, 7]]","[[7, 11, 12, -13, -8, -6, -4, -3, -1], [1, 2, 3, 7, 9, 13, 14, -12, -10, -8, -6, -4], [9, 10, 11, -8, -6, -3], [6, 7, 11, -2, -10, -4, -1], [1, 9, 10, -13, -4], [9, 11, 13, 7], [2, 5, -11, -8, -1], [2, 5, 8, 13, -6, -4, -3], [4, 6, 7, 14, -5, -3, -2], [3, 10, 11, 13, -14, -8, -2]]",0.8089599609375,0.8349609375,0.8089599609375,0.8089599609375,0.8089599609375,0.9185179308156141,0.769287109375,T+,T+,T+,0.9233254229827031,0.9184959991621084,597.5937289291323,635.2337590642487,31,119,31,119
"[[-12, 8, -14], [-10, -8, 11, 13, -14, -7, 6], [5, 4, 9, -7, 14, 10, -11, -3, 6, -8, 2, -1], [8, 14, 11, 2, 3, -12, -5, 10, 1, 4], [10, -1, -2, -13, 3, 9, 4, 12, 6, -14], [8], [9, -1, 7, -8, 10, -3, 13, 2, 6, 11, 4, -12], [2, -9, 13, 14, -12, -4, -7, -3, 8, -11, 1]]",8048,8336,0.5087890625,8,8.25,[[8]],"[[1, 3, -11, -10, -9], [7, 12, 13, -5, -3], [4, -12, -5, -3, -2], [1, 5, -14, -11, -7, -3], [5, -13, -12, -4, -3], [3, 9, 11], [1, 4, 5, 7, 8, 12, -13, -10, -9], [-8]]",0.9912109375,0.85791015625,0.85791015625,0.9912109375,0.9912109375,0.9898591549295774,0.86669921875,T-,T+,T+,0.9976474304492462,0.9022575350519644,18.335683939709853,761.7946700879091,81,69,81,69
"[[-3, -1, -12, -9, 14, -10, -7], [1], [-13, 11, 6, 5, -8, -14, 9, 10, -3, -12], [6, 5, 9, 1, -12, 2, 7, -14, -11, 13, 4], [2, -11, -10], [4, -9, 11, 12, 1, 14, 8, 6, -7, 5]]",7064,9320,0.56884765625,6,7,"[[2, 4, 7, -11, -10], [13, -12, -11, -10, -9, -7, -6], [3, 7, 14, -11, -10], [1]]","[[5, -14, -13, -9, -8, -7, -6, -4, -3, -2], [9, 5, -1], [11, 12, -1], [11, 3, -12, -9], [2, 5, 8, -10, -3], [4, 9, -14, -12, -8], [10, -5, 4, 6], [10, 3, 14, -1], [5, 11, -13, -10, -3], [2, 3, -14, -10, -9, -8, -1], [-5, -4, -3, 7], [1, 3, 9, 14, -12, -10, -5, -4, -2], [8, 13, -11, -1]]",0.94384765625,0.72406005859375,0.94384765625,0.94384765625,0.94384765625,0.9556925127009245,0.73284912109375,T+,T+,T+,0.9859441266422937,0.8828548344310069,109.55002427065851,913.0173134519275,72,78,72,78
"[[10, 5, 4, -8], [12]]",7680,8704,0.53125,2,2.5,"[[-8, 10, 4, 5], [12]]","[[1, 3, 7, 8, -9], [2, -5, -4], [9, -7, 6, -10], [7, 8, -10, -9, -2], [8, 10, 2, -3], [-12]]",1.0,0.830078125,0.830078125,1.0,1.0,1.0,0.830078125,T-,T+,T+,0.9937974229655274,0.9084933183372457,39.63643016729267,584.7566547595277,80,70,80,69
"[[-7, -4, 5, -14, -9, -6], [-5, 6, 4, 9, 12, 1, 8], [-7, -11, 1, 3, -10, -5, 9]]",15880,504,0.96923828125,3,6.666666666666667,"[[5, -14, -9, -7, -6, -4]]","[[4, -12, -2], [10, 3, -4], [2, -6, -3], [3, -10, -9], [-7, -13, -4, -3], [-14, 12, 6, -2], [5, 9, -14, -8, -1], [8, -4, -11, 14], [10, -13, 4], [11, 3, -5, -12], [1, 2, -12, 14], [6, -10], [-6, 11]]",0.98486328125,0.8558349609375,0.8558349609375,0.98486328125,0.98486328125,0.9871268920639411,0.8629150390625,T-,T+,T+,0.9947943406620211,0.9441007439639549,40.57237087353907,435.6730243377634,146,4,146,4
"[[-4, -10, 13, -1, -2, 6], [-10, -7, 4, 8, -12, 11, -13, 5, -14, -2, 9], [12, 8, 11, 7], [-7, -13, -10, 1, -8, 2, 12, -3, -6, 4, 14], [-11, -10, -4, 13, 3], [10, -12, -11, 9, 8, -13, 14, 3, -2], [-2, 1, 7, 8, -10, -4, -14, 3, -13, -11, -9], [13], [-3, -11, -2, 1, -10, -13]]",7368,9016,0.55029296875,9,7.111111111111111,"[[1, 5, -14, -13, -12, -11, -10, -9, -8, -7, -4, -3, -2], [5, 7, 8, 11, 12, -13, -9, -3], [1, 3, 4, 5, 8, 9, -7, -2], [13]]","[[-14, 5, -3, -9], [4, -14, -12, -8, -5, -2], [8, 10, -7, -5, -4], [9, 12, -7], [7, 9, -12, -8, -6, -1], [2, 7, -10, -9, -1], [8, -7, 5, -1], [1, 3, -9, -10, 7], [-13]]",0.9522705078125,0.780517578125,0.780517578125,0.9522705078125,0.9522705078125,0.944206008583691,0.8248291015625,T-,T+,T+,0.980522734780851,0.8789494969390136,151.80379213604564,943.4551102465608,84,66,84,66
"[[13, 2, -9, -3, 14], [11, 10, 13, 4, 9, 12, 5, 8, 2], [-14, 1, 7], [12, -10, -14, -6, 4, 1, 9, -8, 7, 2, -3], [-10, 12, 11, -2, -3, 9, -13, 14, 7, 6], [-6, 9, -11, -2, -3, 10, 4], [10, -14, 4, -8, -9, -2, -11, -13], [13, 11, -12, -2, -6, -7, -9], [14, -12, 11, 4, -13, -2, -7, 8, 9, 6, 5, 1]]",13488,2896,0.8232421875,9,8,"[[2, 7, 10, 12, 13, 14, -9, -8, -6, -5, -4, -3], [1, 4, 10, -12, -8, -3, -2], [1, 5, 8, 11, -9, -3], [1, -14, 3, 7]]","[[-7, -13, 5], [-14, -6, -12], [1, 3, 14, -10, -9], [9, 12, -5, -4, -3], [8, -7, 10, -5], [9, 5, 4, 13], [-8, 10, 5, -1], [2, -6, 4, 12], [-13, -4, 7], [-5, 4, 6], [3, -4], [-3, -10]]",0.881591796875,0.756591796875,0.756591796875,0.881591796875,0.881591796875,0.891083183722322,0.81591796875,T-,T+,T+,0.9660797224802137,0.9315145361076991,264.37113731696695,533.7686275805484,138,12,138,12
"[[7, -12, -3, 8, 13, -11], [-12, 6, -13], [10, 1, 2, 8, -9, -4], [4, 6, -13, 1, -5, -10, -11, 3, -9, -8], [6], [8, 12, 1, -4, 9, 13, -2, -11]]",7908,8476,0.517333984375,6,5.666666666666667,"[[1, 5, 8, 9, 12, -11, -6, -2], [6]]","[[2, 3, 7, -10, -9, -8, -5, -4, -1], [3, 7, 12, -11, -4, -2], [11, -7, 3, -12], [2, -12, 5, -9], [-8, 9, 12, -3], [8, 9, 12, -13, -11], [3, -11, -10, 8, -5, -4, 13], [9, 11, -12, -2], [-6]]",0.980712890625,0.842529296875,0.842529296875,0.980712890625,0.980712890625,0.9808899030233885,0.85595703125,T-,T+,T+,0.9920522141981655,0.915974802647243,56.27222166991017,594.9184652410838,90,60,90,60
"[[-10, 3, 8], [1, -9, 8, 12, -7, 5, -11, -3, 13, 6, -14, 4, -10], [-10, -13, -6, -4], [-14, 10, 2, -5, -7, -4, -12], [-2, 5, 7, 6, 11, 12, 10, 9]]",13374,3010,0.8162841796875,5,7,"[[2, 3, -13, -12, -7, -4], [-13, -9, 5, 7, -6, -3, 14], [8, 3, -10]]","[[-8, -14, -2], [10, 3, -4], [8, -7, 13, 1], [13, -11, -10, -9, -6, -2], [-8, 3, -10, 7], [11, -13, 4, -9], [10, -13, -11], [11, -8, 3, 4], [3, 12, -4], [-3]]",0.9334716796875,0.8294677734375,0.8294677734375,0.9334716796875,0.9334716796875,0.938658057271196,0.86962890625,T-,T+,T+,0.9795423422991453,0.9371585539225763,159.44486981456237,489.7797360425601,132,18,132,18
"[[-10, -7, -4, 11], [-1, 4], [-2, -4, -3, 13, -10], [4, -11, 9], [2, 1, 5, -8, 12, 4, -3, 6, 7, 11], [-11, 7, 8, -1, -6, -12, -10], [-5, -11, 14, 10, -7, -6, 8, -1, -3], [-9, 10, 7, 4, -1, 5, 11, 14]]",9768,6616,0.59619140625,8,6,"[[8, 13, -12, -10, -9, -6, -5, -1], [6, 12, -10, -4, -3, -2], [1, 5, 11, -10, -7, -4], [9, -6, 4, -11], [4, -1]]","[[10, 3, -4], [-14, 5, -3], [8, -7, -2, 1], [6, 7, 11, -10, -4], [-8, -6, 11, -3], [9, -13, -3, 14], [-8, 3, 4, -12], [-8, -13, 5, -2], [3, 13, -12, -11, -10], [9, 2, -13, 5], [1, -10], [2, -4]]",0.896484375,0.684326171875,0.684326171875,0.896484375,0.896484375,0.8967645096731154,0.73193359375,T-,T+,T+,0.9808085979511,0.8543057981027598,149.57580413118092,1135.5255520416458,113,37,113,37
"[[-10, -1, -14, 11, 12, -7, -5, -4, -3], [-5, -6, 4, 10, 13, -3, -2, -7, 12, 8, 14, 9, 1], [-5, 4, 11, 9, -6, -12, -2], [14, 10, -7, -9, -6, -5, -3, -13, -2, -1]]",16206,178,0.9891357421875,4,9.75,"[[4, 10, 11, -13, -6, -5, -3, -2]]","[[1, -14, -2, -9], [2, -10, -1, 7], [10, 3, -4], [9, -4, -3], [-8, 3, -12, 7], [1, -11, 14, -10], [-8, 11], [-7, 5], [-13, 6], [8, -12], [-5, 13]]",0.9876708984375,0.915283203125,0.915283203125,0.9876708984375,0.9876708984375,0.9892842968646647,0.9227294921875,T-,T+,T+,0.993792613891318,0.965165427611296,48.37972579559668,271.49705703262475,148,2,148,2
"[[13], [-7, 1, 14, -11, -12, -9, -4, 13, -10, 3, -8, 5, -2], [-3, -9, -5, -1, 2, -8, -14, -7], [12, 3, 8, -1, -2, -9, -6, 7, -13, -4, 14], [-1, -6, -9, -8, -2], [10, -13], [-13, -3, -5, 11, -14, -6, 8, 2, -4, -10], [7, 14, 8, 4, 3, -12], [12, 2, -11, -13, 7, 4, -1, 14, -9, -10, -8]]",3860,12524,0.764404296875,9,7.444444444444445,"[[1, 3, 4, 5, 6, 7, 8, 14, -12, -10, -9, -2], [10], [13]]","[[3, 9, -14, -12, -11, -1, -8, -2], [2, 4, 7, -11, -10, -6, -3], [2, 7, -10, -9, -8, -4], [3, 8, 11, -13, -12, -9, -5], [1, 5, 8, 12, -14, -9, -3], [7, -8, -6, 11, 12, -1], [-7, -13, -4, -3], [1, 3, 9, 11, 12, 13, -14, -7, -6, -4], [2, 6, 8, 13, -14, -12, -7, -4, -3, -1], [-13, -10]]",0.9857177734375,0.91729736328125,0.9857177734375,0.9857177734375,0.9857177734375,0.9846688069186923,0.93157958984375,T+,T+,T+,0.9896905985028879,0.9262740434131043,80.35040978833179,574.612486035513,50,100,50,100
"[[-5, -8, 10], [5, -10, 13, 12, -4, 6, 14, -7, -2, 11, 9]]",14328,2056,0.87451171875,2,7,"[[-8, 10, -5]]","[[-7, -6, 5], [2, -10, -1, 7], [8, 9, -5, -4], [5, -12, -4], [4, 5, 10, -14, -2], [-5, 6, -2], [9, 2, 14, 1], [3, 10, 11, -4], [-13, 6, -1], [-11, -6, 13, -1], [-13, 12, -3], [-8, 9, -12, 7], [8, -14, -9], [-10, -9]]",0.99951171875,0.781005859375,0.781005859375,0.99951171875,0.99951171875,1.0,0.780517578125,T-,T+,T+,0.9964560620444228,0.9124929723712163,27.6210861585721,682.0207294575966,138,12,138,12
"[[-1, 3, -4, 5, -2, 12, 14], [6, -10, 1, 11, 12, -2, -8]]",16128,256,0.984375,2,7,"[[3, 5, 10, 11, 12, 14, -13, -2, -8, -7, -6, -4, -1]]","[[4, -12, -2], [-7, -4, 1], [2, -1, -10], [3, 10, 11, -4], [1, 3, -10, -9], [9, -4, -1], [8, -11, 14], [-5, -10, 6, 7], [5, -14, -9, -3, -2], [-8, 10, -13, 5], [-7, 5, 12, 4], [11, -3, -1, 7], [2, -6], [11, -5]]",0.9844970703125,0.8592529296875,0.8592529296875,0.9844970703125,0.9844970703125,0.9855296431581905,0.868896484375,T-,T+,T+,0.9919332290742299,0.9542916718466414,62.87157889192635,356.2459856559765,149,1,149,1
"[[12, 9, 5, -1, -7, 6, 4, 2, 10, 3, -11, 14, -8], [-12, 2, -6], [-13, -7, -5, 4, -3, -2, 11, -6, -9, -10, 12, 1], [14, -10, -8, -2, -6, -7, -3, -1], [-4, -12, 14, -6, 13, -8, 1, -7, -10], [2, -9, -10, 7, -5, 13, 3, -14, -6, -1, -4, 12, 8], [-5, -12, -2, -13, -11]]",13740,2644,0.838623046875,7,9,"[[4, -12, -11, -10, -8, -1], [2, -6, -12]]","[[2, -10, -1, 7], [8, 9, -5, -4], [-10, -2, 6, 7], [1, 3, 14, -10, -9], [8, 2, -11, 14], [10, 14, 7], [8, 10, -5, -1], [8, -7, -12, -4], [-7, 5], [-2, -9], [-8]]",0.95654296875,0.777099609375,0.777099609375,0.95654296875,0.95654296875,0.9600428658909982,0.79736328125,T-,T+,T+,0.9923693518646903,0.9007083813843301,59.47248293651653,773.8686136678905,134,16,134,16
"[[-10, -13, -14, -8, 1, -9], [4], [3, -7, -4, 13, 1, -10], [12], [-4, -1, 13, 10, -3], [5, 11, 7, 9, 2, -13], [5, 4, 12, -14, -6, -9, -11, 3, 13, -10]]",3584,12800,0.78125,7,5,"[[-12, 4, -2], [-13, 12, 5], [2, -6, 4, -3], [-11, 4, 13, -10], [1, -14, -10, -9], [-13, 4, -1, -9], [-8, 11, -3, -1], [1, 3, 13, -7], [-4, 12], [-5, 4]]","[[5, -14, -13, -9, -8, -7, -6, -4, -3, -2], [3, 9, 10, 11, -4, -2], [2, 8, 13, -10, -1], [1, 8, 14, -13, -11, -10], [2, 3, -4, 7], [-12, -4]]",0.896240234375,0.896484375,0.896240234375,0.896240234375,0.896240234375,0.9773596001176125,0.830322265625,T+,T+,T+,0.9511698215321669,0.913214034846448,380.577364362696,676.4008430476937,47,103,47,103
"[[-8, 12, -10, 7, -4, 9, 14, -11, -3, -1, 2], [9, -2, 13, -8, -5, 11], [-8, 3, 11, 9, 4, 1, 14, 5, 2, 6], [6], [8, 2, 11, -6, -5, -3, 10, 1, 13, 14, -9], [6, 13, -14], [1, -11, -7, 5, -13, -12, -10, 14, -6, -9, -8, 3, -4], [4, 11, 12, 13, 6, 2, 14, -7, 9], [-13, 7, 14, -5]]",7539,8845,0.53985595703125,9,7.555555555555555,"[[7, 9, 10, -5, -4], [1, 2, 4, 8, 9, 12, 14, -13, -11, -6, -5, -3], [6]]","[[-8, -6, 10, 11], [1, 2, 10, -13, -4], [3, -14, -9, -5, -4], [1, 5, -12, -9, -3], [-8, 9, -12, 7], [8, -7, 10, -5], [3, 8, 13, -11, -4], [-6, -4], [1, 6, 9, 12, -14, -13, -11, -10, -8, -4, -3], [-7, -6, 5], [1, 3, 4, 5, 6, 7, 11, 12, -14, -13, -2], [-6, -10, -9]]",0.95428466796875,0.77557373046875,0.77557373046875,0.95428466796875,0.95428466796875,0.9677671725864497,0.7801513671875,T-,T+,T+,0.9795623732552812,0.9006587372503987,159.28875061264506,774.2555349170141,88,62,88,62
"[[-8, -7, -12, -4, 10, -1, -5], [-1], [2, 1, 5], [-2, 7, -13, 6, 4, -10, 3], [2, -12, -5, 8, -10, -14, -3, 7, 11, 13], [5, -3, -4, -13, -6], [11, 4, 9, 8, 6, -3, 7, 13, -14], [6, 2, 13, -3, 4]]",5810,10574,0.6453857421875,8,5.875,"[[5, -14, -13, -9, -8, -7, -6, -4, -3, -2], [2, 5], [-1]]","[[1, -14, -2, -9], [8, 9, -7, 1], [1, 3, 14, -10, -9], [1, 3, 9, 10, 11, -5, -4], [-8, 3, 4, -12], [-5, -3, 7], [1, 4, 13, -12, -9, -7, -6], [3, -12, 13, 14], [1, 12, -13, -8, -7], [3, 8, 11, -13, -12, -9, -5], [1, 3, 11, 12, -14, -6, -4]]",0.9801025390625,0.70068359375,0.9801025390625,0.9801025390625,0.9801025390625,0.9841986455981941,0.7030029296875,T+,T+,T+,0.9819939277865818,0.9027324319679283,140.3374658976781,758.0933726056446,67,83,67,83
"[[3, -4, 10, -1], [-6, -14, 2, -5, -7, 12, -8, -11, 13, 3]]",15346,1038,0.9366455078125,2,7,"[[10, 3, -4, -1]]","[[4, -12, -2], [2, -1, -10], [-6, 5, -3], [1, 3, -10, -9], [5, 6, 9, -13, -1], [-14, 12, 6, -2], [-11, 13, 14, -10], [10, -13, 4], [9, 2, -6], [2, 13, 14], [-13, -4, 7], [11, 13, 6], [3, 11, -12], [1, -4]]",0.9991455078125,0.8541259765625,0.8541259765625,0.9991455078125,0.9991455078125,0.9991431019708654,0.854736328125,T-,T+,T+,0.9958838923302104,0.9486003887266526,32.0805177772094,400.6032580971175,141,9,141,9
"[[5, -7, 13, 14, 6, -8, -1, -12, -2, 3, -11], [10, -13, -12, -4, 9, 6, 11, -7, 2, -14, -8, -5, -1], [-13]]",8184,8200,0.50048828125,3,8.333333333333334,[[-13]],"[[8, -12, 13, -10], [-14, 11, 6, -2], [1, -12, -11, -7, -2], [-8, 9, -6, -1], [3, 14, -11, -9, -6], [-8, 3, -5, 7], [8, 1, 4, 5], [2, 7, 8, -11, -1], [8, -4, -12, -1], [1, 5, 9, 11, 12, -14, -13, -10, -7, -6], [3, -4, 13], [13, -3]]",0.99951171875,0.75604248046875,0.75604248046875,0.99951171875,0.99951171875,0.9996770808105272,0.75604248046875,T-,T+,T+,0.9976474304492462,0.8765895736425103,18.335683939709853,961.8481085206308,80,70,80,70
"[[6, 2, 3], [-8], [-9, 3, 11, -14, -7, 2, -4, 10], [-12, -3, -4, -14, -10, -7, 13], [-2, 14, 11, 1, -4, 10, -3, 13, -8, 9], [-1, 13, 3, 2, -6, -10, -5, -11, -4, -9, -7, -12], [1, -8], [-1, 2, 9, 12, -5, -3, 10, 11, -4, -14]]",7078,9306,0.5679931640625,8,6.625,"[[-8, -14, -2], [-8, -13, 5], [-8, -6, 13, 14], [9, 2, 5, -10], [11, 9, -5, 3], [4, 6, 7, -11, -10], [2, 3, 14, 6], [-8, -4]]","[[8, 9, -7], [8, 2, -4, 5], [1, 6, -14, -9, -2], [9, -5, -3, 7], [11, -12, -4, -13], [-14, 4, 12, -9], [3, 8, 13, -11, -4], [1, 5, 14, -12, -9], [6, 8, 13, -12, -3], [3, 5, 9, 11, -6], [-13, 4, 6, -5, 10, 11, -1], [8, -6, -9]]",0.8375244140625,0.7347412109375,0.8375244140625,0.8375244140625,0.8375244140625,0.9114446199754257,0.6954345703125,T+,T+,T+,0.955397457675691,0.9110088726223559,347.62760518770693,693.5876495180004,74,76,74,76
"[[12, -3, -2, 11, 1, 4, -5, -14], [10, -12, 14, 7, -4, -13, -1, 6]]",16256,128,0.9921875,2,8,nan,nan,nan,nan,nan,nan,nan,nan,nan,nan,nan,nan,nan,nan,nan,nan,150,0,150,0
"[[3, 1], [2, 9, -14, -12, 1, 11, 3, 4, -5, -8, -10], [14, 9, 10], [3, 8, -14, -1, 10, -11, -5, -2, 9], [4, 10, -9, -7, 2, -11, -12, -13], [1, 12]]",8880,7504,0.5419921875,6,5.833333333333333,"[[9, 10, 14], [1, 3], [1, 12]]","[[-3, -12, 5], [2, 12, -10, -1], [13, -12, -9, -6, -1], [-8, 3, -4, -1], [-8, -14, 4, -2], [-6, 10, -5, -3], [5, 9, 12, -13, -7], [6, 7, -10, -5, -4], [8, -4, -11, 14], [-5, 4, 6], [2, 7, 8, 13, -1], [5, 6, -13, -8, -1], [11, 3, -12, -9], [-8, -6, -4, -3]]",0.9951171875,0.65277099609375,0.65277099609375,0.9951171875,0.9951171875,0.9957037452134118,0.65350341796875,T-,T+,T+,0.9707562203568614,0.866415616743341,227.9229961840246,1041.1428771108413,90,60,90,60
"[[7, -2, -1, 8, 14, 5], [3, -1], [8, -7, 4, 13, -1, -6, -11, 9, -14], [13, 10, 12, 9, 7, 5, -3, -6, 11], [-11, 9, 5, -2, 7, 6, -10, -3, -13, 12]]",12100,4284,0.738525390625,5,7.2,"[[2, 8, 13, -14, -7, -6, -5, -1], [3, -1]]","[[4, 6, 8, 10, 11, -13, -9, -5, -1], [1, 5, -9], [11, -3, -1], [4, -12, -2], [8, -4, -12], [2, 3, -12, 14], [5, 10, -13, -11], [-8, -3, -6, 5], [1, 3], [12, -3]]",0.987060546875,0.8294677734375,0.8294677734375,0.987060546875,0.987060546875,0.9866142877928125,0.8389892578125,T-,T+,T+,0.9919559011139062,0.9095213374601692,62.69487535785298,705.1813448348171,120,30,120,30
"[[-4, -6, -13, 12, 11, 3, -10, 9, 1, -7, 5], [-3, 13, 5, 14, 12, 1, 9, 2, 11, 6, -8], [-9, 3, -2, -12, 13, -7, 5, -1, 8, -6], [-6, -3, 5, 4, -2, -12, 7, -11, -13, 8, 1, -14, 9], [-14, -6, -3, 11, 1, 5, -12, 10, 4, -13, 7], [14, 6, 12, 7, 9, 5, -8, -4, 11, -3, 10], [11, 7, -9, 14, -6, -3, 10, 2, 13, 4, -5, -1, 12]]",16333,51,0.99688720703125,7,11.428571428571429,nan,nan,nan,nan,nan,nan,nan,nan,nan,nan,nan,nan,nan,nan,nan,nan,150,0,150,0
"[[9, 1, 5, 11, 7, 2, 12, 3, 8, 6, -4, 14], [8, 5, 12, -3, -7], [13, 8, -7, 4, 3, 14, 5, 2, -1, -9], [-5], [-7, -2, 3, -5, -4, 10, -6, 13], [9, -6, 12, -11], [-9, -10, 3, -8, -7, -4, -1, 5, -13, -6, 14, -12], [-7, -6, -11, -10, 14, -12, -5, -2, 4, -13], [8, -11, -12, -10, -5, -9]]",7208,9176,0.56005859375,9,7.555555555555555,"[[6, 11, -10, -4, -2], [2, 8, 12, -7, -6, -3], [-3, 13, -11, -1], [-5]]","[[-6, -12, 5], [1, 5, -9], [3, -4, 13, 14], [8, 9, -7, 6], [8, -11, -9, -6, -1], [1, 3, -11, -10, -9], [-6, 11, 12, -4], [5, -1, -10], [-8, 5]]",0.91552734375,0.7989501953125,0.7989501953125,0.91552734375,0.91552734375,0.9530185758513932,0.78857421875,T-,T+,T+,0.972457253795802,0.8981195738801883,214.66531736330805,794.0455118010341,88,62,88,62
"[[10, 4], [-9, 10], [11, -4, -2]]",8704,7680,0.53125,3,2.3333333333333335,"[[10, -9], [11, -4, -2], [10, 4]]","[[2, 4, 6, 8, 9, -11, -7, -3], [-6, -4, -1], [9, 10, -4, 1], [1, 4, 5, -6, -3], [-8, 1, 7, -9], [7, 9, 10, -11, -5, -3, -1], [8, 11, 5, 7], [1, 3, -11, 5, 8, -6, -4], [-7, -5, -2, -9], [10, -2, -7, -6, -5, -3, -1], [2, 3, 6, 10, -11, -9, -7, -5], [-10]]",1.0,0.755859375,0.755859375,1.0,1.0,1.0,0.755859375,T-,T+,T+,0.990854087942935,0.7947744295567376,52.26920232024113,1172.871201456537,85,65,85,65
"[[-4, 13], [2, 13, 9, -4, -12, -8, 3, -11, 5, 10], [-14, 7, -1, -9, 12, 11, 4, -5, -13, 3, 10, -8, 6], [12, -14, 5], [-12, 4, -7, -11], [3, -1, -6, -11], [-4, -8, 3, 11, 1]]",8958,7426,0.5467529296875,7,5.857142857142857,"[[-7, 3, -12, -11], [-8, 9, -14, -11], [4, 13, -12, -11, -9, -7], [-14, 12, 5], [-4, 13]]","[[-7, -13, 5], [10, -12, -3, -2], [1, 2, 10, -13, -4], [3, -5, -12], [4, -1, -9], [-5, 12, 4, 14], [-7, 10, -5, -1], [11, 4, 5], [6, 8, 10, 11, 12, 13, -14, -2], [1, 3, -10, -9], [2, 7, -1, -10], [-14, -12, 5, 6, 8, -7, 13], [-13, -4, -3]]",0.9061279296875,0.64581298828125,0.64581298828125,0.9061279296875,0.9061279296875,0.9190065795570382,0.65863037109375,T-,T+,T+,0.9557796670688691,0.8150885387340879,344.64870467874823,1441.1808184439456,90,60,90,60
"[[-3, 11, 8, -9, -10, 14, 1, -5, 12, -4, 2, -6, 13], [-10, 6, 8, 13, 1, 2, 4, 5, 11, 14, 7, 9], [4, 5, -10, 9], [1]]",7680,8704,0.53125,4,7.5,"[[1, 4, 5, -9], [1, 3, -12], [4, 12, -11, -10], [9, 5, 4, -3], [1, -2], [1, -4]]","[[5, -14, -13, -9, -8, -7, -6, -4, -3, -2], [4, 6, 7, 9, 10, 14, -13, -12, -5, -3, -2], [2, 5, 8, 9, 11, 12, 14, -13, -10, -7, -6, -3], [-8, -12, -2, -1], [-13, 5, 6, -1], [7, 12, -5, -4, -3], [5, 9, 10, -14, -12, -8], [-5, -12, 13, -10], [2, -14, -10, -9, -5, -1], [3, 11, -12, -9], [8, -1], [11, -1]]",0.904296875,0.82470703125,0.904296875,0.904296875,0.904296875,0.9661255073368716,0.781982421875,T+,T+,T+,0.9554166682695511,0.9167224839933314,347.4778798045825,649.0563529962989,75,75,75,75
"[[-10, -2, -13, -4, -7, -6, -5, -1], [2, -11, -6, -5, 1, -13, 10, -12, -8, -4, -3], [3, 4, -5, 14, 2, 13, -11, 1]]",16248,136,0.99169921875,3,9,nan,nan,nan,nan,nan,nan,nan,nan,nan,nan,nan,nan,nan,nan,nan,nan,150,0,150,0
"[[1, 8, 5, -6, 10, -2, -7, -3, 13, 4], [-14, 3, -10, 12, 8, -5], [3, -7, 5, -10, -12], [-12, 6, -14, 10, 4, 9, -11, 3, -1]]",15568,816,0.9501953125,4,7.5,"[[3, 5, -12, -10, -7]]","[[-7, -4, 1], [-6, 5, -3], [4, -12, -2], [8, 2, -11, -1], [-8, -4, 7], [1, 3, 4, -10, -9], [8, -12, -4], [-14, 12, 6, -2], [-5, 12, -3], [2, -12, 13, -10], [1, 5, -13, -11], [-13, 6, -1], [3, 11]]",0.9814453125,0.847412109375,0.847412109375,0.9814453125,0.9814453125,0.9815602836879432,0.860595703125,T-,T+,T+,0.9953293650777767,0.9085006417510776,36.40244587209676,713.1365417022267,142,8,142,8
"[[-6, -11, -7, -12, 5, 4], [-9, 8, 14], [-6, 9, 1, -14, 13], [-5, -1, -13, 10], [1, -9, -10, 14, -12, 7], [-4, -7, 11, -2], [7, 2, 13], [9, -6, -2, -14]]",9560,6824,0.58349609375,8,4.375,"[[8, 14, -9], [2, 7, 8, 13, -1], [9, -14, -12, -8, -2], [11, 12, -7, -4, -2], [1, 3, 4, 5, 8, -12, -7, -6], [2, 3, 7, 14, -12, -10, -8], [2, 7, 10, -8, -5, -4], [4, 6, 8, 10, -13, -5, -1], [13, -14, -10, -6, -3]]","[[1, -14, -2, -9], [-7, -13, 5], [-8, 10, 11], [8, -14, 2, -6], [6, 7, 11, -10, -4], [1, 9, 14, -13, -4], [-11, 13, -2, -10], [1, 2, 8, 9, 14, -11, -10], [8, 9, 10, -5, -4], [2, 5, 6, 12, -13, -1], [2, 4, -10, -6, -3], [8, -7, -12, -4], [10, 4, 6, -2], [3, 4, 6, -13, -8], [-6, 11, -4], [3, -14, -5]]",0.783447265625,0.56982421875,0.56982421875,0.783447265625,0.783447265625,0.7903873168773831,0.6082763671875,T-,T+,T+,0.9352759281555779,0.7958482079398749,504.4527267005311,1591.1379681592944,105,45,105,45
"[[4, -5, -2, 14, 10, 8, -11, -1, -13], [12, 14, 10, -11, 9, 6, -4, -8, -13, 2, -3, 7, -1], [13], [8, 7, 10, -11, 14, 2, 4, -13, 6], [-7, -2, 6, -10, -3, 14]]",7998,8386,0.5118408203125,5,7.6,"[[6, 9, 11, -10, -2, -3, -1], [13]]","[[1, 3, 5, 9, 11, 12, -14, -10, -7, -6, -4], [-8, -13, 5], [8, 2, -13], [1, -13, -2], [11, -13, -5, -9], [-4, 5, -12, -3], [5, 12, -14, -9, -3], [9, 10, -5], [-8, -14, -5, -1], [1, 3, 7, -10, -9], [-6, -3, -1, 7], [-7, 10, -1]]",0.9862060546875,0.7342529296875,0.7342529296875,0.9862060546875,0.9862060546875,0.9858412907474481,0.741455078125,T-,T+,T+,0.9930474981702477,0.8727324501257948,54.18708071765428,991.91013057488,87,63,87,63
"[[6, 4], [11, 4, 9, -12, 14, -8, -3], [12, 1, -4, -3, -2, 6, -7, -14, 8, -5, -9, 13, -10], [6, 3, 10, -9, -12, -8, 2], [2, 3, -8, -12, 11, -13, -4, 6], [9, 8, 4, 12, 14, -7, 13, -6, -2, 1, 3], [-6, 11, 13, 8, -7, -9, -5, -12, 1], [4, 14, 9, -2, -1, -6, -10], [5, -3]]",8938,7446,0.5455322265625,9,7.333333333333333,"[[2, 3, 6, 10, 11, 13, 14, -12, -9, -8, -4], [5, -3], [4, 6]]","[[1, 3, 4, 7, 9, 11, 13, -14, -12, -8, -5], [-7, -14, 3, -9], [-6, 4, -12, -2], [1, 2, 8, 14, -11], [-6, 11, 12], [2, 8, -11, -6, -1], [3, 12, 5, -10], [-8, -13, 12, 5], [3, -4], [-5, -4]]",0.9835205078125,0.8017578125,0.8017578125,0.9835205078125,0.9835205078125,0.9828129690783548,0.813232421875,T-,T+,T+,0.9742614565051737,0.8704893181714335,200.60354791142976,1009.3928691987203,87,63,87,63
"[[-14, -8, 13, 6, -10, -3, 4, -9, -7, 5, 2], [-9, -13, -8, 4, 5, 1, -14, -7, -3, 10, 12, -11], [6, 2, -10, -5, 3, 14, 4, 11, 1], [-8, 6], [2, 9, -10, 1, 3, -7, 13], [-8, -11, 12, 6, 5, -2, -13, 9, -4, -1], [-3, 1, -7, 10, -6], [5, -6, 11, -10, -13, -7, -9, 12, 1, -4, -2]]",11658,4726,0.7115478515625,8,8.375,"[[1, 10, -9, -7, -6, -3], [1, 2, 3, 8, 9, 13, 14, -12, -11, -10, -7], [-8, 6]]","[[-7, -6, 5], [8, 2, -10], [1, -14, -2, -9], [8, 9, -5, -4], [-6, -12, -11, -1], [1, 3, 14, -10, -9], [11, -13, -12, -4], [11, 12, -3, -1], [2, -4, 14, 7], [3, -14, -9, -8, -5, -4], [-6, 10, 11], [9, -12, 7], [8, -1], [1, 5]]",0.9776611328125,0.750244140625,0.750244140625,0.9776611328125,0.9776611328125,0.9758978451715882,0.7647705078125,T-,T+,T+,0.9865660813010445,0.8833967504873923,104.70257393958097,908.793675715668,120,30,120,30
"[[2, -3, 13, 5, 6, 12, -1, -11, -10, 7, 4, 8, 14], [10, 14, -8, 7, 6, 13, 3, 12], [12, -8, -10, 1, -9, -3, 7, 6, -2], [-7], [-4, 3, -9, -2, -6]]",7838,8546,0.5216064453125,5,7.2,"[[10, 11, 13, -9, -8, -6, -2], [-7]]","[[2, 5, 6, 9, 10, 12, -14, -13, -11, -8, -1], [-8, -14, 4, -12], [5, 9, 10, 11, -6], [1, 3, 14, -10, -6], [10, -13, 14, 7], [-5, -11, 14, -10], [3, 10, 11, 13, -4], [-12, -11, -2, -1], [4, 6, 10, 11, -9], [1, -14, 5, 8, 11], [-10, 7], [-4, 7]]",0.9764404296875,0.77197265625,0.77197265625,0.9764404296875,0.9764404296875,0.9738754057814191,0.7896728515625,T-,T+,T+,0.9930474981702477,0.8546428190050447,54.18708071765428,1132.8988459604627,79,71,79,71
"[[-3, 7, 11, -1, 5, 10, -2, 12, 4, -14, 9], [-12, 6, -2, -14, -4, -13, 11], [-4, -9, 12, 6, -5, -13, 7, -14, 1], [-4, -6], [6, -9, 4, 10, -12, -14, 2, -7, 13, 1, 5, -11, -8], [-8, 13, -14, 4, -6, 1], [-7, -8, -4], [10, 2, -1, -8, 12, -14, -3, 6, 7, 9, -4]]",10862,5522,0.6629638671875,8,7.75,"[[-8, -7, -4], [1, 4, 5, 7, 10, 13, -14, -12, -9, -8, -3, -2], [-6, -4]]","[[-6, 2, 4, -3], [-10, 6, 7], [8, -7, 6], [1, 3, 5, -10, -9], [-14, 3, -10, -9], [-8, -14, 12, -1], [10, 5, -11, -13], [5, 8, 11, -10, -3], [9, 10, -5, -4], [-8, 3, 4], [2, -12, 6, 10, -4, 13, 14], [-13, 11, -9], [-12, 4, -2], [3, -11, -10, 8, -4, 13, 14]]",0.9754638671875,0.7208251953125,0.7208251953125,0.9754638671875,0.9754638671875,0.9713270533796067,0.7386474609375,T-,T+,T+,0.9878961377131601,0.8858283222651746,94.33625172533516,889.8422565834053,106,44,106,44
"[[-13, 11, 12, -9, -8, -1, 10], [2, -4, 8, 1], [-7, -3, 14, -10, -9, -12, 5, -2, -4, 8, -13], [-8, 11, -14, 6, 12, 9, 4, -1, 3, -2], [-8, 14, 1, 10, 9, -13, -12, 11, -6, -5, 7]]",15200,1184,0.927734375,5,8.6,"[[8, 1, 2, -4]]","[[4, -12, -2], [2, -6, 4, -3], [-13, -4, -3], [1, 3, -10, -9], [8, 3, -4, -12], [-14, 12, 6, -2], [9, 11, 12, -7, -6], [13, -12, -11, -10], [10, -6, 5, -2], [-5, 13, 7], [8, -1], [5, -1], [-8, 3]]",0.990234375,0.840087890625,0.840087890625,0.990234375,0.990234375,0.9892117376294591,0.8486328125,T-,T+,T+,0.9958838923302104,0.92994481830849,32.0805177772094,546.0028458767135,139,11,139,11
