Used Theory,Total Unique Positives,Total Unique Negatives,Default Accuracy,# Clauses,Mean # Litrals,T+,T-,Similarity of T+,Similarity of T-,Similarity of T_MF,Similarity of T_Comp,Similarity of T_MDL,Similarity - Common,Overlap Size,MF Theory,Comp Theory,MDL Theory,Compression of T+,Compression of T-,DL of T+,DL of T-,# Sampled Positives,# Sampled Negatives,# Unique Sampled Positives,# Unique Sampled Negatives
"[[-1, -3, -4, 2], [5, -2], [-3, -5, -2, 4, 1], [3, -5, 2, -6], [-1, -6, 4, -3, -5]]",36,28,0.5625,5,4,"[[3, 2, -6, -5], [1, 4, -5, -3, -2], [2, -6, -1, -5], [5, -2], [2, -4, -3, -1]]","[[-6], [6]]",0.984375,0.4375,0.4375,0.984375,0.984375,1.0,0.421875,T-,T+,T+,0.9880985707589062,0.8754750092031575,98.73193120721986,893.7541477807239,280,120,147,48
"[[5, -2], [4, -1, -5, -2, -3]]",46,18,0.71875,2,3.5,"[[5, -2], [4, -3, -2, -1]]","[[4], [-4]]",1.0,0.28125,0.28125,1.0,1.0,1.0,0.28125,T-,T+,T+,0.9945660889138155,0.9396977859324711,29.728401148824588,364.47739141426706,303,97,107,22
"[[-5, 6, -3, 2, 1], [-1, 5], [-1]]",30,34,0.53125,3,2.6666666666666665,"[[2, -5, -3, 6], [-1]]","[[2, 4, 5], [-6, -4], [1], [3], [-2]]",1.0,0.46875,0.46875,1.0,1.0,1.0,0.46875,T-,T+,T+,0.9957551321559663,0.809794531677007,29.693308027675986,1330.5077488810912,203,197,109,89
"[[-1, -6], [-6, -4, -3, -5, -1], [-4, 3, -1, -2]]",46,18,0.71875,3,3.6666666666666665,"[[-6, -1], [3, -4, -1, -2]]","[[-4], [4]]",1.0,0.28125,0.28125,1.0,1.0,1.0,0.28125,T-,T+,T+,0.9952453942833224,0.9030693395336742,33.01523612256335,711.1262153253635,315,85,164,37
"[[6], [3, -2], [-2]]",16,48,0.75,3,1.3333333333333333,"[[6], [-2]]","[[1, 4, 5, -6, -3], [5, -4, -3, -1], [1, 3, 4, -6, -5], [-6, 4, -3, -1], [2, -5, -3], [3, -4], [1, -6, -4, -3], [1, 2, 4], [-5, 4, -3, -1], [2, -1]]",1.0,0.5,1.0,1.0,1.0,1.0,0.5,T+,T+,T+,0.9970193098209303,0.7891099861522243,20.78641743206747,1480.4179616368324,112,288,71,155
"[[4], [6], [5, -1, 3, 6]]",16,48,0.75,3,2,"[[6], [4]]","[[2, -4], [-6, -1], [1, 3, -4], [-6, -2], [-6, -3]]",1.0,0.375,1.0,1.0,1.0,1.0,0.375,T+,T+,T+,0.9970252093607064,0.8618975054112044,20.78641743206747,964.9943303621045,125,275,57,142
"[[5], [2, -3, -5, -4], [-1, 2], [-1, 5, -4], [5, -3, 6, 2, -4]]",22,42,0.65625,5,3,"[[2, -4, -3], [2, -1], [5]]","[[3, 6, -2, -4, -1], [-6, -3, -1, -2], [-5, -4, -1, 6], [4, -3, 6, -2], [-5, -2], [1, -4, 6], [-5, -3], [-6, -4], [1, 2], [-6, 3]]",1.0,0.5,1.0,1.0,1.0,1.0,0.5,T+,T+,T+,0.9945373246322694,0.8003848717939981,37.84960983145955,1392.822701398026,163,237,95,116
"[[2, 4], [-5, 6, 2], [-1], [-2, 6, -5]]",18,46,0.71875,4,2.25,"[[-5, 6], [2, 4], [-1]]","[[3, -4, 5, 6], [4, -3, 6], [1], [-6], [-4, -2]]",1.0,0.609375,1.0,1.0,1.0,1.0,0.609375,T+,T+,T+,0.9949846559163077,0.7743770486205551,34.84960983145955,1577.8458812659383,141,259,86,119
"[[6, -4, 3, -1], [-5, 1, -2, 6, -3]]",58,6,0.90625,2,4.5,"[[1, 6, -5, -3, -2], [3, -4, 6, -1]]","[[-6], [6]]",1.0,0.09375,0.09375,1.0,1.0,1.0,0.09375,T-,T+,T+,0.9941604277038177,0.9799926140860169,40.600198623284506,173.83630003200562,391,9,203,6
"[[1], [-1, -3, 2, -5], [1, 6, 5], [-5, -1, -4], [5, 2, 6]]",18,46,0.71875,5,2.8,"[[2, -5, -3, -1], [-5, -4], [2, 6], [1]]","[[-5, -2], [4, -1], [3, 5, -2], [4, 6, -2], [-6], [2, -4, 5], [-2, -1]]",0.984375,0.578125,0.984375,0.984375,0.984375,0.9736842105263158,0.59375,T+,T+,T+,0.984068868776659,0.7787239542719974,110.6034396488457,1536.2306308515704,136,264,77,129
"[[3, -6, 1], [2, 5], [-2, 3, -1, -6, 4], [3, -4, 1]]",37,27,0.578125,4,3.25,"[[2, 5], [-6, 3, 4, -2], [1, 3, -4], [1, 3, 4, -6, -5]]","[[3, 4], [-3], [-4]]",1.0,0.421875,0.421875,1.0,1.0,1.0,0.421875,T-,T+,T+,0.9907198404894997,0.8488311407675783,64.58390481594384,1076.029160447824,256,144,147,58
"[[4], [-4, -1, -3, -2], [6, 1, 5, 4], [5, 3, -4, 2, -1]]",26,38,0.59375,4,3.5,"[[-3, -2, -1], [2, 3, 5, -1], [4]]","[[3, -6, -5, -2], [5, -1], [-3, 6], [-4], [2], [1]]",1.0,0.5625,0.5625,1.0,1.0,1.0,0.5625,T-,T+,T+,0.9937565011730324,0.7696162620656928,43.4345723321807,1602.7261967671207,194,206,112,97
"[[-2, 1, -4, -5, -6], [4, -2, -5, -1], [5], [-5, -2, -4]]",20,44,0.6875,4,3.25,"[[-2, -1], [-4, -2], [5]]","[[1, -6, -3, -2], [2, 4, 6, -3, -1], [-4, -3, -1, 6], [2, 3, -4], [2, 3, 4, -6, -1], [1, 4, -2], [1, 2, -3], [1, -6, 4], [-5]]",1.0,0.46875,1.0,1.0,1.0,1.0,0.46875,T+,T+,T+,0.994987663870684,0.8307623766485382,34.84960983145955,1189.4387582754357,156,244,91,115
"[[-5], [1]]",16,48,0.75,2,1,"[[-5], [1]]","[[3], [5], [-4, -3], [2, 4], [-1]]",1.0,0.71875,1.0,1.0,1.0,1.0,0.71875,T+,T+,T+,0.9965105866966703,0.8137327879477081,19.14343864810343,1021.8895373252692,119,281,46,78
"[[-1, -4, -3], [-3, -5, -4, -6]]",54,10,0.84375,2,3.5,"[[-4, -3, -1], [-6, -5, -4, -3]]","[[-2], [2]]",1.0,0.15625,0.15625,1.0,1.0,1.0,0.15625,T-,T+,T+,0.9947840616252839,0.9438958774155861,36.015236122563344,418.8012247840253,359,41,198,20
"[[-2, -3, -4, 6], [-6]]",28,36,0.5625,2,2.5,"[[-4, -3, -2], [-6]]","[[2, 3, 4, 5], [1, 2, 5, -4, -3], [1, 2, 4, -5, -3], [2, -3, -1], [-5, -2], [4, -2], [3, -2], [3, -5, -4], [6], [2, 4, -1]]",1.0,0.453125,0.453125,1.0,1.0,1.0,0.453125,T-,T+,T+,0.996107884070168,0.8355155712615964,27.10834552695483,1145.6238222166312,218,182,115,88
"[[5, 6, 3], [4, -6, 5], [-6, 3, 1]]",42,22,0.65625,3,3,"[[1, -6, 3], [3, 5, 6], [-6, 4, 5]]","[[-1], [1]]",1.0,0.34375,0.34375,1.0,1.0,1.0,0.34375,T-,T+,T+,0.9932389339003099,0.8821386720679987,82.89434944809783,857.0441479041594,302,98,150,45
"[[3, 4], [1, -6, 4, 5]]",46,18,0.71875,2,3,"[[3, 4], [1, -6, 4, 5]]","[[-5, 6], [5], [-6]]",1.0,0.28125,0.28125,1.0,1.0,1.0,0.28125,T-,T+,T+,0.9952509304785658,0.8985718507306772,33.01523612256335,729.1139137842621,320,80,166,38
"[[4, 6], [-5, 3, -1, -6], [-3, 1, -2, 5], [-1]]",21,43,0.671875,4,2.75,"[[4, 6], [5, -3, -2], [-1]]","[[-6, -5, -2], [3, 6], [2, -4, 6], [-5, 4, -3], [3, -4], [2, 5], [1]]",1.0,0.546875,1.0,1.0,1.0,1.0,0.546875,T+,T+,T+,0.9945346308718862,0.7864727019076512,37.84960983145955,1478.7518887952099,162,238,89,120
"[[3, -1, -2, -5], [4, -5, -3, -1, 6]]",58,6,0.90625,2,4.5,"[[3, -1, -2, -5], [4, 6, -5, -3, -1]]","[[-5], [5]]",1.0,0.09375,0.09375,1.0,1.0,1.0,0.09375,T-,T+,T+,0.994155733054167,0.9746514192378352,40.600198623284506,200.74721548087066,374,26,200,8
"[[-2, 1, -4, -6], [1, -3, 6]]",52,12,0.8125,2,3.5,"[[1, -3, 6], [1, -6, -4, -2]]","[[2, 5], [-5], [-2]]",1.0,0.1875,0.1875,1.0,1.0,1.0,0.1875,T-,T+,T+,0.9948331385427129,0.9216411682587472,52.341462927789216,570.1863246902851,333,67,172,29
"[[-2], [-5], [-1, -2]]",16,48,0.75,3,1.3333333333333333,"[[-5], [-2]]","[[3, -4, -1], [2, 4, -3, -1], [1, 2, -4, -3], [1, 4], [2, 3], [5]]",1.0,0.5625,1.0,1.0,1.0,1.0,0.5625,T+,T+,T+,0.9965268913096176,0.8782462188659157,19.14343864810343,671.095046857951,114,286,43,79
"[[3], [5]]",16,48,0.75,2,1,"[[3], [5]]","[[1, 2, 4], [4, -1, -2], [-3], [-5]]",1.0,0.5625,1.0,1.0,1.0,1.0,0.5625,T+,T+,T+,0.9965136083795018,0.8777295646590834,19.14343864810343,671.375115653588,110,290,47,83
"[[4, -1], [2, 1, 6], [6, -3, 2, -5, -1]]",39,25,0.609375,3,3.3333333333333335,"[[4, -1], [1, 2, 6], [2, 6, -5, -3, -1]]","[[-4, -1], [1, -3], [6, -2], [-6], [3]]",1.0,0.359375,0.359375,1.0,1.0,1.0,0.359375,T-,T+,T+,0.9930283346767045,0.878885023906032,66.58390481594384,847.0203473362544,279,121,140,55
"[[-5, 2, 6], [-2], [1, 6, -2, -4]]",24,40,0.625,3,2.6666666666666665,"[[-5, 6], [-2]]","[[-6, 4, -3, -1], [-6, 3], [5, 6], [-4, 5], [-4, -1], [2]]",1.0,0.484375,1.0,1.0,1.0,1.0,0.484375,T+,T+,T+,0.996554527052014,0.8201867461830226,24.10834552695483,1268.126250400007,159,241,90,103
"[[-1, -2, -4], [-4, 1, 6, -3], [-2], [-1, 5, 2]]",22,42,0.65625,4,2.75,"[[1, -4, -3, 6], [-2], [5, -1]]","[[1, 4], [6, -1], [4, -3], [2], [1, -6, -3], [3, -4], [-5]]",1.0,0.609375,1.0,1.0,1.0,1.0,0.609375,T+,T+,T+,0.994162419650141,0.7381677420687506,40.43457233218071,1813.6067921488705,163,237,92,118
"[[-2, 6, 4, -5], [2, 3, 1, 5], [5, -6, 2], [-2, 5, 4, -6], [3]]",24,40,0.625,5,3.2,"[[-5, 4, 6, -2], [-6, 4, 5], [2, -6, 5], [3]]","[[-6, -4, 5, -1], [1, -5, -4], [-5, 4, -1], [1, 5], [-5, -2], [-3], [6]]",1.0,0.5625,0.5625,1.0,1.0,1.0,0.5625,T-,T+,T+,0.9918061432044697,0.7859480849192999,56.67701422033533,1480.599885701765,215,185,118,103
"[[-1, -3, 5, 2], [3], [-1, -5, 2], [-3, -5, -2], [-6, -5, 4, 3]]",16,48,0.75,5,3,"[[-5, -2], [2, -1], [3]]","[[1, -6, 4], [1, 2], [-4, 5, 6], [5, -1, -2], [-3]]",1.0,0.5,1.0,1.0,1.0,1.0,0.5,T+,T+,T+,0.9949912658420266,0.8303962681567258,45.092051719614176,1180.0634041015196,135,265,76,130
"[[1, -6], [5, 3], [-2, 4, -5, 3]]",33,31,0.515625,3,2.6666666666666665,"[[1, -6], [3, 4, -2], [3, 5]]","[[2], [-2]]",1.0,0.484375,0.484375,1.0,1.0,1.0,0.484375,T-,T+,T+,0.9940669485125609,0.8052746993967691,41.171537926346915,1375.9178701783171,239,161,139,76
"[[1, 5, -2, -6], [-6], [-1, -3, -6, -4]]",32,32,0.5,3,3,[[-6]],"[[2, 4], [1, 4, 5], [-1, -2], [6], [1, 3], [-5, -4, -3], [2, 5]]",1.0,0.453125,0.453125,1.0,1.0,1.0,0.453125,T-,T+,T+,0.9980395507420097,0.8094635901052226,13.616492430625156,1343.0713153466588,217,183,115,89
"[[5, 3], [4, -2, 3], [6, 2, 3, -1]]",42,22,0.65625,3,3,"[[3, 5], [3, 6, -1], [3, 4, -2]]","[[1, 5], [2], [-5], [-4], [6], [-3]]",0.984375,0.328125,0.328125,0.984375,0.984375,0.9545454545454546,0.34375,T-,T+,T+,0.9900026691873729,0.8877979445554652,69.69492095258059,782.2001223613646,285,115,157,45
"[[-4, -2, 5, 6], [-6, 1], [2, 5], [-3, -6, -4, -2, -1], [-5, 4, 6, 2]]",26,38,0.59375,5,3.4,"[[2, -5, 4, 6], [-4, -3, -1, -2], [2, 5], [-4, 5, 6], [1, -6]]","[[5, -2], [6], [-5], [-1], [4]]",0.984375,0.5625,0.5625,0.984375,0.984375,0.972972972972973,0.578125,T-,T+,T+,0.9833025049063542,0.8109326145464018,145.11574025256866,1319.079269071709,191,209,111,83
"[[1, -3, -6], [4, 5, -2, -6, 1], [3, 6, 1, -5]]",51,13,0.796875,3,4,"[[1, 3, 4, 5, -6, -2], [1, -6, -3], [3, 1, -5, 6]]","[[3], [-3]]",1.0,0.203125,0.203125,1.0,1.0,1.0,0.203125,T-,T+,T+,0.9920669999987867,0.9370723148460309,55.341462927789216,460.3186797315478,335,65,176,23
"[[3, -6], [4, -3, 2], [-4, 6, 1, 2]]",36,28,0.5625,3,3,"[[1, 2, -4, 6], [2, 4, -3], [-6, 3]]","[[-3, -2], [1, 5], [-4, -1], [2], [-5], [6]]",1.0,0.421875,0.421875,1.0,1.0,1.0,0.421875,T-,T+,T+,0.993314547897664,0.8389759879802335,62.583904815943846,1126.164569205389,254,146,134,64
"[[4, 2], [5, 4, -1, 6]]",46,18,0.71875,2,3,"[[2, 4], [4, 5, 6, -1]]","[[1], [-1]]",1.0,0.28125,0.28125,1.0,1.0,1.0,0.28125,T-,T+,T+,0.9952660272506013,0.891036701991475,33.01523612256335,784.5720776452433,315,85,169,42
"[[-4, -1, -3], [-5, 6, 4, -3], [-2], [-2, -3]]",26,38,0.59375,4,2.5,"[[-4, -3, -1], [2, 4, 6, -5, -3], [-2]]","[[4, 5, 6], [3, -1], [-5], [2], [1]]",1.0,0.546875,0.546875,1.0,1.0,1.0,0.546875,T-,T+,T+,0.9934471868167778,0.7627675385342697,61.261976721056485,1654.9572128230052,194,206,107,105
"[[-5, 4, -1, 6, -2], [6, 3, 2, 5, 1]]",60,4,0.9375,2,5,"[[4, 6, -2, -5, -1], [1, 2, 3, 5, 6]]","[[6], [-6]]",1.0,0.0625,0.0625,1.0,1.0,1.0,0.0625,T-,T+,T+,0.9938926048394239,0.9852992748847583,42.600198623284506,137.27323614145075,391,9,195,4
"[[-1, 5], [-2], [-2, 5]]",24,40,0.625,3,1.6666666666666667,"[[5, -1], [-2]]","[[5, -3], [1, 4], [-4], [2], [-5]]",1.0,0.59375,0.59375,1.0,1.0,1.0,0.59375,T-,T+,T+,0.9959560778740439,0.8580757246342563,22.14343864810343,777.1394666742929,173,227,63,62
"[[5, 2, 6, -3], [-6, 4], [-5]]",20,44,0.6875,3,2.3333333333333335,"[[-6, 4], [2, 5, -3, 6], [-5]]","[[1, -6, -3], [1, -4], [1, 3, -2], [2, -6, -3, -1], [-6, 3, -4], [-3, 6, -2], [2, 4, -1], [1, 3, 6], [5]]",1.0,0.546875,1.0,1.0,1.0,1.0,0.546875,T+,T+,T+,0.9941751765813939,0.7952163013777641,56.26197672105648,1421.5609091157191,147,253,88,122
"[[-3, -1, 2, -6], [5, 3, 1, 2], [4, -1, -2], [4, 2, 3], [5, 1, 2, 4, -6]]",41,23,0.640625,5,3.8,"[[1, 2, 3, 4, 6, -5], [3, 4, -1], [1, 2, 3, 5], [2, -6, -3, -1], [2, -6, 4], [4, -1, -2]]","[[-5], [5]]",0.984375,0.359375,0.359375,0.984375,0.984375,0.9583333333333334,0.375,T-,T+,T+,0.9748546864348273,0.8751182791939855,175.31583602316368,905.4218045384036,289,111,160,48
"[[1], [2, 6, -4, -5], [-4, -1, -6, -2], [-5]]",14,50,0.78125,4,2.5,"[[-2, -6, -4, -3, -1], [1], [-5]]","[[5, -1], [2, 4], [-6, 4], [2, -6, -4], [-3, -1], [-4, -2, 6], [4, -1], [5, 6]]",0.984375,0.625,0.984375,0.984375,0.984375,1.0,0.609375,T+,T+,T+,0.9943893820474989,0.7747118438188303,39.11264423729334,1570.524954325568,117,283,68,129
"[[-2, -1, -6, 3], [-2, -6, -5], [-2, 1, 4, -3, 5], [1, -6, 4, -5], [6, -4]]",34,30,0.53125,5,3.6,"[[1, 4, 5, -3, -2], [-6, 3, -2, -1], [1, -6, -5, 4], [-6, -5, -2], [-4, 6]]","[[-6], [6]]",1.0,0.46875,0.46875,1.0,1.0,1.0,0.46875,T-,T+,T+,0.9884215222110068,0.8347580253855179,98.1469687064987,1173.2089104039949,260,140,145,64
"[[-3], [-5, -4, 1], [4], [4], [1]]",8,56,0.875,5,1.4,"[[1], [4], [-3]]","[[2, 5, -1], [-5, -4, -2], [-4, -1], [3, -1], [2, -4]]",1.0,0.46875,1.0,1.0,1.0,1.0,0.46875,T+,T+,T+,0.9952680478897256,0.9071191406146116,26.0367060460532,511.06003965494074,66,334,20,94
"[[-6, -5, -3], [-3, 4, -6, -1, -5]]",56,8,0.875,2,4,"[[-6, -5, -3]]","[[-1], [1]]",1.0,0.125,0.125,1.0,1.0,1.0,0.125,T-,T+,T+,0.9971356703684561,0.9498704704479889,19.93842052551252,373.598833918687,358,42,186,18
"[[-2, -3], [1, 5, 2, 4, 3], [-1, 2], [-1, 4, -3]]",30,34,0.53125,4,3,"[[-3, -2], [2, -1], [2, 3, 4, 5]]","[[-4], [4]]",1.0,0.53125,0.53125,1.0,1.0,1.0,0.53125,T-,T+,T+,0.9927280520499839,0.875482450646201,49.016113528374035,701.1919067546024,225,175,78,49
"[[2, -5, -6], [6, 5, -4, -2, 3], [-5, 6, -3], [1, -5], [-4, -3, -6, -1, 2]]",37,27,0.578125,5,3.6,"[[2, 5, -6, -4, -3, -1], [1, -5], [3, 5, 6, -4, -2], [2, -6, -1, -5], [-5, -3]]","[[3], [-3]]",0.96875,0.421875,0.421875,0.96875,0.96875,0.9310344827586207,0.453125,T-,T+,T+,0.9721852933879714,0.8821548516606853,212.46386241443975,839.651009015047,275,125,137,45
"[[-6, 3], [5, -2], [-1, 5, -4, -6]]",35,29,0.546875,3,2.6666666666666665,"[[5, -2], [-6, 3], [2, 5, -6, -4, -1]]","[[-4], [4]]",1.0,0.453125,0.453125,1.0,1.0,1.0,0.453125,T-,T+,T+,0.9934138223266281,0.8274322608894188,45.75650042706807,1226.8612020290461,252,148,150,67
"[[-2, -4], [-3, 6, 4, 2]]",44,20,0.6875,2,3,"[[-4, -2], [2, 4, -3, 6]]","[[-4], [4]]",1.0,0.3125,0.3125,1.0,1.0,1.0,0.3125,T-,T+,T+,0.9952709400756256,0.9040158094666184,33.01523612256335,691.4278715515817,310,90,156,36
"[[4, -6], [-6, 1, -4, 2], [4], [2, 1, -5, -3, 6]]",27,37,0.578125,4,3,"[[1, 2, 6, -5, -4, -3], [1, 2, -6], [4]]","[[1, 5, -3, 6], [3, -2, -6, -5, -1], [1, -6, -2], [6, -1], [-6, 3, 5, -1], [-6, 2, -3], [1, -5, 6, -2], [1, 2, 3, 6], [-4]]",1.0,0.46875,0.46875,1.0,1.0,1.0,0.46875,T-,T+,T+,0.9933239084869542,0.8327704884965915,46.4345723321807,1175.909104659859,198,202,106,98
"[[3], [6, 3], [-4, 3], [-4, -1]]",24,40,0.625,4,1.75,"[[-4, -1], [3]]","[[4, -3], [-6, -3], [1, -4], [1, 6], [2, -6, 4], [1, 5], [-6, 4, -2, -1], [5, 6], [2, -3]]",1.0,0.46875,1.0,1.0,1.0,1.0,0.46875,T+,T+,T+,0.9965244712821549,0.8294727309758018,24.10834552695483,1195.6479521829135,182,218,101,107
"[[-3, 5], [-3, 2], [-3, 5, -4], [-2, 1, -6, 3, -5], [-2, 4, -6, 3, 5]]",36,28,0.5625,5,3.4,"[[2, -3], [1, -6, 3, -2], [-6, 4, 5, -2], [-3, 5]]","[[-4], [4]]",0.984375,0.4375,0.4375,0.984375,0.984375,0.9655172413793104,0.453125,T-,T+,T+,0.9826014588065783,0.8357697792935794,121.51033024445421,1168.3020198083866,254,146,128,64
"[[1], [-3, -5, -4, 2, 6], [-2], [-3]]",8,56,0.875,4,2,"[[-3], [1], [-2]]","[[3, -6, -5, -4, -1], [-6, 4, 5, -1], [-5, 4, -1], [3, -4, 6], [3, 4, 5, -1], [2, 3], [2, 5, -1], [2, 4]]",1.0,0.46875,1.0,1.0,1.0,1.0,0.46875,T+,T+,T+,0.9959517259815004,0.8225945176088255,28.205753641684833,1236.0465986599102,70,330,37,163
"[[5, 4, 6], [1, 3, 6, -4], [3], [-6, 4, -5, -1, 3]]",28,36,0.5625,4,3.25,"[[4, 5, 6], [3]]","[[1, 5], [2, -4], [-6, 4], [-2, -1], [-3], [-5]]",1.0,0.546875,0.546875,1.0,1.0,1.0,0.546875,T-,T+,T+,0.9960850716309698,0.7540473543606855,27.10834552695483,1703.0629101678492,204,196,114,103
"[[3], [-4]]",16,48,0.75,2,1,"[[-4], [3]]","[[2, -1], [1, -2], [-3], [4]]",1.0,0.625,1.0,1.0,1.0,1.0,0.625,T+,T+,T+,0.9957955082248358,0.9317176139516206,17.037134732729697,276.68890158146587,129,271,22,40
"[[6, -3, -1, 4, -2], [-6, -2], [1, 4, 5]]",40,24,0.625,3,3.3333333333333335,"[[-6, -2], [1, 4, 5], [4, -3, -2, -1]]","[[4, -3, -1, -2], [1, -3], [3, -4], [-5], [2], [6]]",1.0,0.328125,0.328125,1.0,1.0,1.0,0.328125,T-,T+,T+,0.9932908914616979,0.8876047485702925,46.75650042706807,783.2946197653137,276,124,155,54
"[[3, 2], [-5, 2, -4], [6]]",22,42,0.65625,3,2,"[[2, 3], [2, -5, -4], [6]]","[[1, 5], [3, -5, -4], [-3, 5, -1], [-5, 4], [-6], [-2]]",1.0,0.59375,1.0,1.0,1.0,1.0,0.59375,T+,T+,T+,0.9945492585489483,0.7705391046807225,37.84960983145955,1603.315729797336,166,234,97,108
"[[-1, -6], [-1], [-5]]",16,48,0.75,3,1.3333333333333333,"[[-5], [-1]]","[[-6, 3, 4], [5, -4, -3, -2], [1, -6], [1, 2, 6], [-6, 4, 5], [5, 6], [1, -4]]",1.0,0.453125,1.0,1.0,1.0,1.0,0.453125,T+,T+,T+,0.9970124876715291,0.8176932324358143,20.78641743206747,1278.3183277757691,126,274,70,144
"[[-1, 4, 5, 3], [2, -5, -4, 1, 3], [-4, 2, -6, -1]]",54,10,0.84375,3,4.333333333333333,"[[1, 2, 3, 6, -5, -4], [2, -6, -4, -1], [3, 4, 5, -1], [2, 3, -6, -5, -4]]","[[1, -4], [4], [-1]]",1.0,0.15625,0.15625,1.0,1.0,1.0,0.15625,T-,T+,T+,0.989099153385091,0.9551073778251512,93.64923695026131,335.96639778750483,358,42,190,15
"[[-3, 5, -1, -6, 2], [-5], [-2], [-4]]",7,57,0.890625,4,2,"[[-6, -3, -1], [-2], [-5], [-4]]","[[5, -3, -1, 6], [1, 3, 4, 6], [2, 3, -1], [4, 6, -1], [1, 2, -6], [1, 2, -3, 6], [-6, 5]]",1.0,0.546875,1.0,1.0,1.0,1.0,0.546875,T+,T+,T+,0.9940425336697825,0.8027758369731293,41.44819552983945,1385.0282479147618,63,337,45,158
"[[1, 4, 5, -6], [5, -1, -3], [1, -2, 3, 6, -5], [4, 2, 3], [-4]]",16,48,0.75,5,3.2,"[[1, -6, 4, 5], [-5, 3, -2, 6], [-3, 5, -1], [-4], [2, 3]]","[[1, 3, 5, 6], [-6, -5, -1], [1, 2, 5], [4], [1, -3], [-2, -1], [-5, -3]]",0.984375,0.59375,0.984375,0.984375,0.984375,0.9743589743589743,0.609375,T+,T+,T+,0.9863438692925182,0.794777095017335,95.09580437944412,1429.0898091448862,113,287,69,125
"[[-6], [-4], [2, -6, -5, 1, -3], [-6, -3, -1], [-2, 3, 5]]",14,50,0.78125,5,2.6,"[[3, 5, -2], [-6], [-4]]","[[2, 4, -1], [3, 1, -5, -2], [1, 3, 4, 5], [-5, 4, -2], [2, -5, 6], [2, -3], [6, -2]]",1.0,0.515625,1.0,1.0,1.0,1.0,0.515625,T+,T+,T+,0.9950443615629325,0.8203315531976636,34.52768173657219,1274.4954795575027,102,298,56,147
"[[4, 3], [-4, 6, 1], [-6, -5, -1, 3, -4], [-4, 1]]",30,34,0.53125,4,3,"[[3, 4], [-6, 3, -5], [1, -4]]","[[3, -4, 5], [-6, 5, -2], [-2, 6], [-6, -5, -4, -2], [1, 5, 6], [2, -5, 4], [-3], [-1]]",1.0,0.46875,0.46875,1.0,1.0,1.0,0.46875,T-,T+,T+,0.9940907919211711,0.8203830317743628,51.41397981450153,1251.4548008576587,222,178,115,86
"[[-3, 1, 4, -2], [-5, 6], [-2, 1, -6, 3, 4], [-4, -2]]",31,33,0.515625,4,3.25,"[[1, -3, -2], [-4, -2], [-5, 6], [1, -6, 3, -2]]","[[1, -6, -5, 4], [-4, -3], [-2, -1], [2], [5], [3]]",1.0,0.5,0.5,1.0,1.0,1.0,0.5,T-,T+,T+,0.9917939170191336,0.8089431716750017,56.99894231522269,1327.0688539242763,236,164,136,79
"[[-6], [2, -5, 4], [4, -5, 6, -2, -3], [-4, 1], [4, 5, 1, -2, 3]]",17,47,0.734375,5,3.2,"[[2, -5, 4, 6], [3, 5, -2], [-5, 4, -3], [-6], [1, -4]]","[[3, 1, -5, 4], [4, 5], [-3, 5, -1], [4, -1], [-5, -2, -1], [2, 3], [-3, -2], [6]]",0.96875,0.625,0.96875,0.96875,0.96875,0.9523809523809523,0.65625,T+,T+,T+,0.978690698106548,0.7609619685137133,147.74128866987547,1657.2944054890079,144,256,85,128
"[[5, 6], [-5, -6, -4, -3]]",44,20,0.6875,2,3,"[[5, 6], [-6, -5, -4, -3]]","[[2], [-2]]",1.0,0.3125,0.3125,1.0,1.0,1.0,0.3125,T-,T+,T+,0.9952393920470333,0.8870882439742719,33.01523612256335,817.7859777186886,316,84,161,43
"[[6], [4, 3], [5, -3, 1], [4, 2, -5]]",18,46,0.71875,4,2.25,"[[2, -5, 4], [1, -3, 5], [6], [3, 4]]","[[2, 4, 5, -1], [2, 3, -4], [-5, -2], [-4, -3, -1, -2], [2, -4, -1], [-5, -3], [-6]]",1.0,0.53125,1.0,1.0,1.0,1.0,0.53125,T+,T+,T+,0.9926699123897137,0.8237663405240118,51.092051719614176,1228.3808493705646,129,271,75,120
"[[-4, 5, 2], [2, -3, -5, -6], [1, 4, -3], [3, -4]]",33,31,0.515625,4,3,"[[1, 4, -3], [2, -4, 5], [2, -6, -3, -5], [3, -4]]","[[-1], [1]]",1.0,0.484375,0.484375,1.0,1.0,1.0,0.484375,T-,T+,T+,0.9913685278169277,0.815653107861092,73.30938694737667,1309.0792690717092,231,169,135,72
"[[5, 4, 2, -3], [1], [-2, 4, 1, -3], [-1, 2], [1, 6]]",16,48,0.75,5,2.6,"[[2], [1]]","[[5, 6, -4, -3, -2], [3, -5, -4, 6], [5, -6, -4, -3, -1], [3, -5, -4, -2], [4, -3, -1], [3, -5, -1], [-6, 4, -3], [-5, -3], [3, 5, -2], [-6, 2, 4, -1]]",1.0,0.46875,1.0,1.0,1.0,1.0,0.46875,T+,T+,T+,0.9970247835708361,0.8352543060618266,20.78641743206747,1160.7353529627958,130,270,64,131
"[[5, 2, -1, -3, 6], [-2, 6]]",46,18,0.71875,2,3.5,"[[6, -2], [2, 5, 6, -3, -1]]","[[1, -5], [-3, -1], [5], [3]]",1.0,0.28125,0.28125,1.0,1.0,1.0,0.28125,T-,T+,T+,0.994974683924992,0.9018217570810048,35.01523612256335,711.1079574218215,317,83,167,36
"[[-2, 4, 1, 3], [-6, 4, -2]]",54,10,0.84375,2,3.5,"[[-6, 4, -2], [1, 3, 4, -2]]","[[5, 6], [-6], [-5]]",1.0,0.15625,0.15625,1.0,1.0,1.0,0.15625,T-,T+,T+,0.9948110588697344,0.9311171534092175,36.015236122563344,502.0915762684792,347,53,189,25
"[[1, -2, -5], [-4, -5]]",44,20,0.6875,2,2.5,"[[-5, -4], [1, -5, -2]]","[[4], [-4]]",1.0,0.3125,0.3125,1.0,1.0,1.0,0.3125,T-,T+,T+,0.9949420555699018,0.9424393913104959,27.728401148824588,338.3059496498951,313,87,99,21
"[[-5], [2, 4, -3, 1], [4, -2], [1, -4, 6, 3], [4, 6, -2]]",20,44,0.6875,5,2.8,"[[4, 5, -2], [1, 4, -3], [1, 3, 6], [-5]]","[[1, -3], [-4, -1, -2], [-6, 4], [5], [2, -6, -4], [1, 6], [2, -3, -1]]",0.984375,0.609375,0.984375,0.984375,0.984375,0.975,0.625,T+,T+,T+,0.9832921204394147,0.7676192249268463,116.01847714812455,1626.507807173098,157,243,89,116
"[[-6, 1, 2, -4, -5], [4, 2, -6, -5], [-6, 5, -2]]",50,14,0.78125,3,4,"[[-6, 5, -2], [2, -6, -5]]","[[-1], [1]]",0.96875,0.21875,0.21875,0.96875,0.96875,0.875,0.25,T-,T+,T+,0.9788291014038265,0.9346337293169817,147.74716732978322,497.5418004359057,327,73,167,24
"[[6, -5], [5, 4], [3, 5, -2, -1, -6], [5], [-6, 3, -4]]",12,52,0.8125,5,2.6,"[[3, -4], [5], [6]]","[[2, -4, -3, -1], [-6, 4, -3, -2], [1, -5, 4], [1, 3, 4], [2, 3, -1], [-6, -3, -1], [1, -4, -2], [-6, -5], [-5, -2]]",1.0,0.546875,1.0,1.0,1.0,1.0,0.546875,T+,T+,T+,0.9954722313142593,0.8019371112516279,31.527681736572195,1379.1481309437097,99,301,54,145
"[[4, 6, 3, 2], [-4, 5, 2, -6], [-5, -4, -2, -3, 1], [-5, 1, -6, 3, 2]]",52,12,0.8125,4,4.5,"[[1, 2, 3, 4, -6, -5], [2, 3, 4, 6], [2, -6, -4, 5], [1, -5, -4, -3, -2], [1, 2, 3, -6, -4]]","[[3], [-3]]",1.0,0.1875,0.1875,1.0,1.0,1.0,0.1875,T-,T+,T+,0.9865162737489704,0.9538595029003577,93.64923695026131,351.8730952111734,351,49,188,16
"[[-5, -1], [2, 4, -3]]",42,22,0.65625,2,2.5,"[[-5, -1], [2, 4, -3]]","[[-3], [3]]",1.0,0.34375,0.34375,1.0,1.0,1.0,0.34375,T-,T+,T+,0.9949359728396469,0.924410200354295,27.728401148824588,445.8815884496304,279,121,101,28
"[[-4, 5, 3, 1], [5, 4, -1, 3, -2], [2, 1]]",44,20,0.6875,3,3.6666666666666665,"[[3, 4, 5, -2, -1], [1, 2], [1, 3, -4, 5]]","[[4], [-4]]",1.0,0.3125,0.3125,1.0,1.0,1.0,0.3125,T-,T+,T+,0.9917652407884341,0.9348617782670741,45.20663104749551,380.34161861852675,302,98,97,24
"[[3, 4, -1], [-6, 5]]",42,22,0.65625,2,2.5,"[[3, 4, -1], [-6, 5]]","[[-4], [4, 6], [-3], [-5], [2], [1]]",1.0,0.328125,0.328125,1.0,1.0,1.0,0.328125,T-,T+,T+,0.9956168277041785,0.8852963301413243,30.430273621842193,796.3328438073145,309,91,160,47
"[[-4, 1], [-3, 1]]",40,24,0.625,2,2,"[[1, -4], [1, -3]]","[[-4], [4]]",1.0,0.375,0.375,1.0,1.0,1.0,0.375,T-,T+,T+,0.9945288754703161,0.9586229714046484,22.207059734172006,185.76617537424485,265,135,44,14
"[[-5, -1, 6], [-2, -3, -1, 5, -4]]",54,10,0.84375,2,4,"[[-5, 6, -1], [-4, -3, -1, -2]]","[[-1], [1]]",0.984375,0.15625,0.15625,0.984375,0.984375,0.9090909090909091,0.171875,T-,T+,T+,0.9885852209438417,0.9447450913711591,79.61543474584785,420.12315287891266,360,40,184,20
"[[-2, -3, 5], [-3, -2, 6, -4], [6, 3, -1], [-6, -3], [-4, -1, 6]]",32,32,0.5,5,3,"[[-6, -3], [3, -1, 6], [-3, 5, 6, -2], [-4, -3, -1], [1, -4, -3, -2]]","[[-1], [-4], [3], [2], [-5]]",1.0,0.46875,0.46875,1.0,1.0,1.0,0.46875,T-,T+,T+,0.9890645030627315,0.8211392453608506,109.1005041300053,1241.3263606587263,248,152,127,74
"[[-2, -3, 6], [-1], [-1, -3, 5], [6, -5], [-4, -3, -2, -6]]",20,44,0.6875,5,2.6,"[[-3, -2], [-5, 6], [-1]]","[[-6, 3, -2], [-6, 4, -3], [2, 3, 4], [2, 5, 6], [2, -6, -5], [4, -2, 6], [2, 5, -3], [1]]",0.96875,0.53125,0.96875,0.96875,0.96875,0.9444444444444444,0.5625,T+,T+,T+,0.9782411364225765,0.8007790869493049,151.1665035394006,1384.0579840322057,148,252,90,126
"[[-3, 2, 1, 4], [-2]]",28,36,0.5625,2,2.5,"[[1, 4, -3], [-2]]","[[1], [-1]]",1.0,0.5625,0.5625,1.0,1.0,1.0,0.5625,T-,T+,T+,0.9946797683437446,0.9326045807276973,21.62209723345085,280.1529557806249,181,219,36,25
"[[-3], [5], [3, -4, 5], [-3, -2, 5, -1, -6], [-2, -4]]",12,52,0.8125,5,2.4,"[[-4, -2], [-3], [5]]","[[3, -4, -1], [1, -6, 3, 4], [2, 4, -1, 6], [2, 3], [-5, -1, 6], [1, -5, 4, 6], [3, 4, 6], [2, -5], [3, -5]]",1.0,0.453125,1.0,1.0,1.0,1.0,0.453125,T+,T+,T+,0.9954906940344456,0.844411627488672,31.527681736572195,1087.8260929551457,95,305,54,141
"[[-5, -2], [-6, -2], [6]]",16,48,0.75,3,1.6666666666666667,"[[6], [-2]]","[[3, -5, 4], [2, 3, 4], [1, -3], [2, -4], [2, -5], [-6]]",1.0,0.578125,1.0,1.0,1.0,1.0,0.578125,T+,T+,T+,0.9969928181205532,0.7937495803790664,20.78641743206747,1425.6561424107902,140,260,77,134
"[[4], [4, -2, -6, -3, -5], [-6]]",16,48,0.75,3,2.3333333333333335,"[[4], [-6]]","[[-4, 6], [1, -5, -4], [5, 6, -2], [-5, 6], [2, 3, 5], [2, 3, -4, -5], [1, -4, -3], [-2, -1]]",1.0,0.515625,1.0,1.0,1.0,1.0,0.515625,T+,T+,T+,0.9970186322235212,0.7999220721835779,20.78641743206747,1394.9648746278142,124,276,66,141
"[[-6, 3, 4, -2], [-2, 6, -1, -4, -3], [6, 5, -3, 1, -4], [-2, -1, -4], [4, -3, -6, -2, 5]]",48,16,0.75,5,4.4,"[[-4, -2, -1], [-6, 4, -2], [-3, -4, 5, 6]]","[[-2], [2]]",0.953125,0.25,0.25,0.953125,0.953125,0.8421052631578947,0.296875,T-,T+,T+,0.9762982164493013,0.9143511691345053,182.90079852388487,630.9207362998104,318,82,166,32
"[[-5, -4, 3, 6], [-5, -2, -6], [6, -4, -3, -2, 5], [4, 1, 5], [-2]]",26,38,0.59375,5,3.2,"[[3, -5, -4, 6], [1, 4, 5], [-2]]","[[-3, 6], [1, 3, 4], [4, -3, -1], [2], [-5], [-4], [-6, 3]]",1.0,0.5625,0.5625,1.0,1.0,1.0,0.5625,T-,T+,T+,0.9937249990105893,0.7812866887173792,43.43457233218071,1513.8992256649483,198,202,110,98
"[[2, -3, 5, -1, -4], [-4, -6], [5]]",24,40,0.625,3,2.6666666666666665,"[[-6, -4], [5]]","[[2, -3, -1], [3, -1], [4, 6], [2, 4], [-5], [2, -4, -3, 6], [-4, 6, -1], [1, -2]]",1.0,0.546875,1.0,1.0,1.0,1.0,0.546875,T+,T+,T+,0.9965417981355906,0.7828405355739245,24.10834552695483,1513.895257738599,174,226,102,104
"[[2], [3, -6, 2, 4, -1]]",32,32,0.5,2,3,[[2]],"[[-2], [-3], [1, 3, 4, -5], [4, 5, -1], [-4], [-6]]",1.0,0.46875,0.46875,1.0,1.0,1.0,0.46875,T-,T+,T+,0.9980306647293069,0.7841089647093535,13.616492430625156,1492.7263486426807,207,193,124,92
"[[-6, 2, -1, -4, -5], [3, -6, 2, -5], [4, -6, 3], [1, -5], [-4, -6, -2, -3, 5]]",38,26,0.59375,5,3.8,"[[1, -5], [-6, 3, 4], [2, -6, -1, -5], [-6, -4, -3, -2]]","[[-5, -3, -1], [3, 4, 6], [2, -3], [3, -2], [1, -6, 4], [5], [-4]]",0.96875,0.375,0.375,0.96875,0.96875,0.9230769230769231,0.40625,T-,T+,T+,0.9795048223811355,0.860291730909744,142.33773463333,1002.7160944099844,266,134,145,60
"[[6, -4], [3, -6, -1, 5]]",44,20,0.6875,2,3,"[[-4, 6], [-6, 3, 5, -1]]","[[-5, -2], [2, -1], [-5, -3], [4], [5], [-6]]",1.0,0.296875,0.296875,1.0,1.0,1.0,0.296875,T-,T+,T+,0.9952576362047725,0.882054685598808,33.01523612256335,821.107905813576,289,111,162,48
"[[1, -4], [-3]]",24,40,0.625,2,1.5,"[[1, -4], [-3]]","[[2], [-2]]",1.0,0.625,1.0,1.0,1.0,1.0,0.625,T+,T+,T+,0.9952077431488183,0.9243832793343209,19.62209723345085,324.2008056103796,176,224,29,29
"[[6], [-6, -2, 1, -4, 5], [-4, 6, -1]]",30,34,0.53125,3,3,"[[1, -4, 5, -2], [6]]","[[-5, -1, 6], [4, 6], [-6], [3], [-4, 5], [-2]]",1.0,0.515625,0.515625,1.0,1.0,1.0,0.515625,T-,T+,T+,0.9957610890067199,0.8009514825274792,29.693308027675986,1394.322492530163,216,184,116,81
"[[-5, -2], [3, 6, -2], [-5]]",28,36,0.5625,3,2,"[[3, 6, -2], [-5]]","[[2, -4], [4], [-6], [-1], [5]]",1.0,0.53125,0.53125,1.0,1.0,1.0,0.53125,T-,T+,T+,0.9960942348834512,0.7853724339022103,27.10834552695483,1489.643654385722,201,199,109,94
"[[6], [-5, 2]]",24,40,0.625,2,1.5,"[[2, -5], [6]]","[[-4, -3, -1], [1, -6], [-2], [5], [4, -1]]",1.0,0.53125,1.0,1.0,1.0,1.0,0.53125,T+,T+,T+,0.9965420040063928,0.7988671544062591,24.10834552695483,1402.2515200589442,174,226,93,105
"[[-6], [-3, 5], [3, 4], [5, 1, 6, 2, 3]]",15,49,0.765625,4,2.5,"[[-3, -4, 5, 6], [1, 2, 5], [3, 4], [4, 5], [-6]]","[[-5, -1, -2], [-5, -3], [3, -4], [2, -5, 6], [6, -1], [1, -2], [-6, -4, -1], [2, -3, 6]]",1.0,0.609375,1.0,1.0,1.0,1.0,0.609375,T+,T+,T+,0.9908177428341127,0.7853212038308266,63.98745885248928,1531.3267334712807,124,276,74,127
"[[-6, -4], [1, 2], [1, -6, -3, 4, -2]]",34,30,0.53125,3,3,"[[-6, -4], [1, -6, -3], [1, 2]]","[[1, -6, 3], [4], [5], [2, -1], [-3], [6]]",1.0,0.453125,0.453125,1.0,1.0,1.0,0.453125,T-,T+,T+,0.9940732815007631,0.825252914123192,41.171537926346915,1213.9274498395623,251,149,136,73
"[[-3, 2, -1, 6, -5], [1, 3, -4, -5], [3, 1, -6, -5, 2], [-6, -4], [-1, -4]]",36,28,0.5625,5,3.6,"[[1, 2, 3, 4, -6, -5], [2, 4, 6, -5, -3, -1], [-6, -4], [3, -4, -5], [-4, -1]]","[[-3, -2], [-6, 5, -1], [1], [3], [4], [6]]",1.0,0.421875,0.421875,1.0,1.0,1.0,0.421875,T-,T+,T+,0.9886625979794372,0.850062158949959,78.89434944809783,1043.3826379130371,256,144,141,62
"[[-6, -3, -4, -1], [5, 4], [5, 2, 4, 6]]",44,20,0.6875,3,3.3333333333333335,"[[-6, -4, -3, -1], [4, 5]]","[[-5, 4], [1, -3], [-6, 3], [-4], [-2], [6]]",1.0,0.296875,0.296875,1.0,1.0,1.0,0.296875,T-,T+,T+,0.995261553202377,0.8895289360637856,33.01523612256335,769.7096572645926,298,102,156,45
